
> typecheck
> tsc --noEmit

src/components/academic-challenges-admin.tsx(13,50): error TS2375: Type '{ id: string | undefined; title: string; theme: string; description: string; rules: string; startsAt: string; endsAt: string; status: Status; category: string; communityWeight: number; juryWeight: number; }' is not assignable to type '{ id?: string; title: string; theme: string; description?: string; rules?: string; startsAt: string; endsAt: string; status: "published" | "closed" | "cancelled" | "draft"; category?: string; communityWeight: number; juryWeight: number; }' with 'exactOptionalPropertyTypes: true'. Consider adding 'undefined' to the types of the target's properties.
  Types of property 'id' are incompatible.
    Type 'string | undefined' is not assignable to type 'string'.
      Type 'undefined' is not assignable to type 'string'.
src/components/academic-onboarding-v3.tsx(14,736): error TS7006: Parameter 'y' implicitly has an 'any' type.
src/components/academic-social-v3-feed.tsx(32,34): error TS2339: Property 'posts' does not exist on type '{}'.
src/components/academic-social-v3-feed.tsx(35,383): error TS2322: Type '"/cliente/rede-academica/artigo/$slug"' is not assignable to type '"/treinamento" | "/formacao-psicanalise" | "/cliente/biblioteca/cursos-gratuitos" | "/cliente/biblioteca" | "/" | "/acesso" | "/acesso-compra" | "/acoragemdecomecar" | "/amostra-gratis" | ... 183 more ... | ".."'.
src/components/academic-social-v3-feed.tsx(35,434): error TS2353: Object literal may only specify known properties, and 'slug' does not exist in type 'ParamsReducerFn<RouterCore<Route<Register, any, "/", "/", string, "__root__", undefined, {}, { queryClient: QueryClient; }, AnyContext, AnyContext, ... 6 more ..., undefined>, "never", false, RouterHistory, Record<...>>, "PATH", string, "/cliente/rede-academica/artigo/$slug">'.
src/components/academic-social-v3-feed.tsx(35,759): error TS2339: Property 'articles' does not exist on type '{}'.
src/components/academic-social-v3-feed.tsx(35,810): error TS2322: Type '"/cliente/rede-academica/artigo-editorial/$slug"' is not assignable to type '"/treinamento" | "/formacao-psicanalise" | "/cliente/biblioteca/cursos-gratuitos" | "/cliente/biblioteca" | "/" | "/acesso" | "/acesso-compra" | "/acoragemdecomecar" | "/amostra-gratis" | ... 183 more ... | ".."'.
src/components/academic-social-v3-feed.tsx(35,871): error TS2353: Object literal may only specify known properties, and 'slug' does not exist in type 'ParamsReducerFn<RouterCore<Route<Register, any, "/", "/", string, "__root__", undefined, {}, { queryClient: QueryClient; }, AnyContext, AnyContext, ... 6 more ..., undefined>, "never", false, RouterHistory, Record<...>>, "PATH", string, "/cliente/rede-academica/artigo-editorial/$slug">'.
src/components/academic-social-v3-feed.tsx(43,127): error TS2820: Type '"/cliente/rede-academica/criar"' is not assignable to type '"/treinamento" | "/formacao-psicanalise" | "/cliente/biblioteca/cursos-gratuitos" | "/cliente/biblioteca" | "/" | "/acesso" | "/acesso-compra" | "/acoragemdecomecar" | "/amostra-gratis" | ... 183 more ... | ".."'. Did you mean '"/cliente/rede-academica"'?
src/components/academic-social-v3-feed.tsx(47,822): error TS2322: Type '"/cliente/rede-academica/perfil/$username"' is not assignable to type '"/treinamento" | "/formacao-psicanalise" | "/cliente/biblioteca/cursos-gratuitos" | "/cliente/biblioteca" | "/" | "/acesso" | "/acesso-compra" | "/acoragemdecomecar" | "/amostra-gratis" | ... 183 more ... | ".."'.
src/components/academic-social-v3-feed.tsx(47,877): error TS2353: Object literal may only specify known properties, and 'username' does not exist in type 'ParamsReducerFn<RouterCore<Route<Register, any, "/", "/", string, "__root__", undefined, {}, { queryClient: QueryClient; }, AnyContext, AnyContext, ... 6 more ..., undefined>, "never", false, RouterHistory, Record<...>>, "PATH", string, "/cliente/rede-academica/perfil/$username">'.
src/components/academic-social-v3-feed.tsx(47,3393): error TS2820: Type '"/cliente/rede-academica/buscar"' is not assignable to type '"/treinamento" | "/formacao-psicanalise" | "/cliente/biblioteca/cursos-gratuitos" | "/cliente/biblioteca" | "/" | "/acesso" | "/acesso-compra" | "/acoragemdecomecar" | "/amostra-gratis" | ... 183 more ... | ".."'. Did you mean '"/cliente/rede-academica"'?
src/components/academic-social-v3-feed.tsx(48,366): error TS2322: Type '"/cliente/rede-academica/perfil-editorial/$username"' is not assignable to type '"/treinamento" | "/formacao-psicanalise" | "/cliente/biblioteca/cursos-gratuitos" | "/cliente/biblioteca" | "/" | "/acesso" | "/acesso-compra" | "/acoragemdecomecar" | "/amostra-gratis" | ... 183 more ... | ".."'.
src/components/academic-social-v3-feed.tsx(48,431): error TS2353: Object literal may only specify known properties, and 'username' does not exist in type 'ParamsReducerFn<RouterCore<Route<Register, any, "/", "/", string, "__root__", undefined, {}, { queryClient: QueryClient; }, AnyContext, AnyContext, ... 6 more ..., undefined>, "never", false, RouterHistory, Record<...>>, "PATH", string, "/cliente/rede-academica/perfil-editorial/$username">'.
src/components/academic-social-v3-feed.tsx(48,729): error TS2322: Type '"/cliente/rede-academica/perfil-editorial/$username"' is not assignable to type '"/treinamento" | "/formacao-psicanalise" | "/cliente/biblioteca/cursos-gratuitos" | "/cliente/biblioteca" | "/" | "/acesso" | "/acesso-compra" | "/acoragemdecomecar" | "/amostra-gratis" | ... 183 more ... | ".."'.
src/components/academic-social-v3-feed.tsx(48,794): error TS2353: Object literal may only specify known properties, and 'username' does not exist in type 'ParamsReducerFn<RouterCore<Route<Register, any, "/", "/", string, "__root__", undefined, {}, { queryClient: QueryClient; }, AnyContext, AnyContext, ... 6 more ..., undefined>, "never", false, RouterHistory, Record<...>>, "PATH", string, "/cliente/rede-academica/perfil-editorial/$username">'.
src/components/academic-social-v3-feed.tsx(48,1786): error TS2820: Type '"/cliente/rede-academica/buscar"' is not assignable to type '"/treinamento" | "/formacao-psicanalise" | "/cliente/biblioteca/cursos-gratuitos" | "/cliente/biblioteca" | "/" | "/acesso" | "/acesso-compra" | "/acoragemdecomecar" | "/amostra-gratis" | ... 183 more ... | ".."'. Did you mean '"/cliente/rede-academica"'?
src/components/academic-social-v3-feed.tsx(54,291): error TS2322: Type '"/cliente/rede-academica/perfil-editorial/$username"' is not assignable to type '"/treinamento" | "/formacao-psicanalise" | "/cliente/biblioteca/cursos-gratuitos" | "/cliente/biblioteca" | "/" | "/acesso" | "/acesso-compra" | "/acoragemdecomecar" | "/amostra-gratis" | ... 183 more ... | ".."'.
src/components/academic-social-v3-feed.tsx(54,356): error TS2353: Object literal may only specify known properties, and 'username' does not exist in type 'ParamsReducerFn<RouterCore<Route<Register, any, "/", "/", string, "__root__", undefined, {}, { queryClient: QueryClient; }, AnyContext, AnyContext, ... 6 more ..., undefined>, "never", false, RouterHistory, Record<...>>, "PATH", string, "/cliente/rede-academica/perfil-editorial/$username">'.
src/components/academic-social-v3-feed.tsx(56,175): error TS2820: Type '"/cliente/rede-academica/buscar"' is not assignable to type '"/treinamento" | "/formacao-psicanalise" | "/cliente/biblioteca/cursos-gratuitos" | "/cliente/biblioteca" | "/" | "/acesso" | "/acesso-compra" | "/acoragemdecomecar" | "/amostra-gratis" | ... 183 more ... | ".."'. Did you mean '"/cliente/rede-academica"'?
src/components/academic-social-v3-feed.tsx(57,19): error TS2322: Type '"/cliente/rede-academica/artigo-editorial/$slug"' is not assignable to type '"/treinamento" | "/formacao-psicanalise" | "/cliente/biblioteca/cursos-gratuitos" | "/cliente/biblioteca" | "/" | "/acesso" | "/acesso-compra" | "/acoragemdecomecar" | "/amostra-gratis" | ... 183 more ... | ".."'.
src/components/academic-social-v3-feed.tsx(57,80): error TS2353: Object literal may only specify known properties, and 'slug' does not exist in type 'ParamsReducerFn<RouterCore<Route<Register, any, "/", "/", string, "__root__", undefined, {}, { queryClient: QueryClient; }, AnyContext, AnyContext, ... 6 more ..., undefined>, "never", false, RouterHistory, Record<...>>, "PATH", string, "/cliente/rede-academica/artigo-editorial/$slug">'.
src/components/academic-social-v3-feed.tsx(59,740): error TS2322: Type '"/cliente/rede-academica/artigo-editorial/$slug"' is not assignable to type '"/treinamento" | "/formacao-psicanalise" | "/cliente/biblioteca/cursos-gratuitos" | "/cliente/biblioteca" | "/" | "/acesso" | "/acesso-compra" | "/acoragemdecomecar" | "/amostra-gratis" | ... 183 more ... | ".."'.
src/components/academic-social-v3-feed.tsx(59,801): error TS2353: Object literal may only specify known properties, and 'slug' does not exist in type 'ParamsReducerFn<RouterCore<Route<Register, any, "/", "/", string, "__root__", undefined, {}, { queryClient: QueryClient; }, AnyContext, AnyContext, ... 6 more ..., undefined>, "never", false, RouterHistory, Record<...>>, "PATH", string, "/cliente/rede-academica/artigo-editorial/$slug">'.
src/components/academy-accessibility-controls.tsx(53,20): error TS4111: Property 'ldrPopular' comes from an index signature, so it must be accessed with ['ldrPopular'].
src/components/academy-accessibility-controls.tsx(54,20): error TS4111: Property 'popularLabel' comes from an index signature, so it must be accessed with ['popularLabel'].
src/components/academy-accessibility-controls.tsx(61,20): error TS4111: Property 'ldrPopular' comes from an index signature, so it must be accessed with ['ldrPopular'].
src/components/academy-accessibility-controls.tsx(62,20): error TS4111: Property 'popularLabel' comes from an index signature, so it must be accessed with ['popularLabel'].
src/components/academy-accessibility-controls.tsx(330,72): error TS4111: Property 'academyTheme' comes from an index signature, so it must be accessed with ['academyTheme'].
src/components/academy-accessibility-controls.tsx(332,18): error TS4111: Property 'academyTheme' comes from an index signature, so it must be accessed with ['academyTheme'].
src/components/academy-accessibility-controls.tsx(334,71): error TS4111: Property 'academyTheme' comes from an index signature, so it must be accessed with ['academyTheme'].
src/components/academy-accessibility-controls.tsx(339,41): error TS4111: Property 'academyFontScale' comes from an index signature, so it must be accessed with ['academyFontScale'].
src/components/academy-accessibility-controls.tsx(340,18): error TS4111: Property 'academyFontScale' comes from an index signature, so it must be accessed with ['academyFontScale'].
src/components/academy-accessibility-controls.tsx(343,40): error TS4111: Property 'academyFontScale' comes from an index signature, so it must be accessed with ['academyFontScale'].
src/components/academy-accessibility-controls.tsx(356,35): error TS2345: Argument of type 'number | undefined' is not assignable to parameter of type 'SetStateAction<number>'.
  Type 'undefined' is not assignable to type 'SetStateAction<number>'.
src/components/academy-accessibility-controls.tsx(357,35): error TS2345: Argument of type 'number | undefined' is not assignable to parameter of type 'SetStateAction<number>'.
  Type 'undefined' is not assignable to type 'SetStateAction<number>'.
src/components/academy-subscription-course-shelf.tsx(28,11): error TS2322: Type '"/formacoes/gestao-projetos-600h"' is not assignable to type '"/treinamento" | "/formacao-psicanalise" | "/cliente/biblioteca/cursos-gratuitos" | "/cliente/biblioteca" | "/" | "/acesso" | "/acesso-compra" | "/acoragemdecomecar" | "/amostra-gratis" | ... 183 more ... | ".."'.
src/components/academy-university-home.tsx(51,190): error TS2367: This comparison appears to be unintentional because the types 'PFSlug' and '"aba-autismo"' have no overlap.
src/components/academy-university-home.tsx(51,214): error TS2367: This comparison appears to be unintentional because the types 'PFSlug' and '"saude-mental-praticas-clinicas"' have no overlap.
src/components/academy-university-home.tsx(51,270): error TS2367: This comparison appears to be unintentional because the types 'PFSlug' and '"ciencia-politica"' have no overlap.
src/components/academy-university-home.tsx(51,299): error TS2367: This comparison appears to be unintentional because the types 'PFSlug' and '"sociologia"' have no overlap.
src/components/academy-university-home.tsx(51,322): error TS2367: This comparison appears to be unintentional because the types 'PFSlug' and '"filosofia-clinica"' have no overlap.
src/components/academy-university-home.tsx(51,352): error TS2367: This comparison appears to be unintentional because the types 'PFSlug' and '"ciencias-felicidade"' have no overlap.
src/components/commercial-public-page.tsx(1607,22): error TS2604: JSX element type 'I' does not have any construct or call signatures.
src/components/commercial-public-page.tsx(1607,22): error TS2786: 'I' cannot be used as a JSX component.
  Its type 'ForwardRefExoticComponent<Omit<LucideProps, "ref"> & RefAttributes<SVGSVGElement>> | undefined' is not a valid JSX element type.
    Type 'undefined' is not assignable to type 'ElementType'.
src/components/digital-preview-reader.tsx(77,380): error TS18048: 'active' is possibly 'undefined'.
src/components/digital-preview-reader.tsx(77,526): error TS18048: 'active' is possibly 'undefined'.
src/components/digital-reader-v2.tsx(49,28): error TS2339: Property 'content' does not exist on type '{}'.
src/components/digital-reader-v2.tsx(54,194): error TS2339: Property 'requestedLocale' does not exist on type '{}'.
src/components/digital-reader-v2.tsx(54,223): error TS2339: Property 'locale' does not exist on type '{}'.
src/components/digital-reader-v2.tsx(59,448): error TS2339: Property 'title' does not exist on type '{}'.
src/components/library-sales-home-access-choice.tsx(88,154): error TS7053: Element implicitly has an 'any' type because expression of type '"free" | "business" | "books" | "rh" | "ebooks" | "brief" | "ai" | "mentor" | "lead" | "massage" | "psycho" | "film" | "intlPsycho" | "psychoWrite" | "careerWrite" | "news" | "mag"' can't be used to index type '{ readonly psycho: readonly ["Psicanálise", "Formação"]; readonly intlPsycho: readonly ["Psicanálise Internacional", "🌍 Premium · compra única"]; readonly business: readonly ["Negócio 24h", "Formação"]; ... 13 more ...; readonly film: readonly [...]; } | { ...; } | { ...; } | { ...; }'.
  Property 'intlPsycho' does not exist on type '{ readonly psycho: readonly ["Psicanálise", "Formação"]; readonly intlPsycho: readonly ["Psicanálise Internacional", "🌍 Premium · compra única"]; readonly business: readonly ["Negócio 24h", "Formação"]; ... 13 more ...; readonly film: readonly [...]; } | { ...; } | { ...; } | { ...; }'.
src/components/library-sales-home.tsx(96,465): error TS2322: Type '"/ebooks/pratica-clinica-psicanalise" | "/ebooks/psicanalise-no-mundo" | "/ebooks/estudos-caso-psicanalise" | "/ebooks/psicanalise-autismo" | "/ebooks/psicologia-psicanalise-terapias-integrativas" | ... 7 more ... | "/ebooks/psicanalise-vs-psiquiatria"' is not assignable to type '"/treinamento" | "/formacao-psicanalise" | "/cliente/biblioteca/cursos-gratuitos" | "/cliente/biblioteca" | "/" | "/acesso" | "/acesso-compra" | "/acoragemdecomecar" | "/amostra-gratis" | ... 183 more ... | ".."'.
  Type '"/ebooks/pratica-clinica-psicanalise"' is not assignable to type '"/treinamento" | "/formacao-psicanalise" | "/cliente/biblioteca/cursos-gratuitos" | "/cliente/biblioteca" | "/" | "/acesso" | "/acesso-compra" | "/acoragemdecomecar" | "/amostra-gratis" | ... 183 more ... | ".."'. Did you mean '"/ebook-pratica-clinica-psicanalise"'?
src/components/library-storefront.tsx(69,179): error TS2339: Property 'free' does not exist on type '{ title: string; href: string; cover: string; free?: boolean; } | { title: any; href: any; cover: string; }'.
  Property 'free' does not exist on type '{ title: any; href: any; cover: string; }'.
src/components/library-storefront.tsx(110,177): error TS18048: 'item' is possibly 'undefined'.
src/components/library-storefront.tsx(110,189): error TS2322: Type 'Item | undefined' is not assignable to type 'Item'.
  Type 'undefined' is not assignable to type 'Item'.
src/components/s8/panel.tsx(61,51): error TS2345: Argument of type '"professional_account_id"' is not assignable to parameter of type '"id" | "created_at" | "updated_at" | "created_by" | "email" | "full_name" | "notes" | "phone" | "goal" | "birth_date" | "business_area" | "business_stage" | "city"'.
src/components/s8/panel.tsx(126,71): error TS2322: Type 'string | null' is not assignable to type 'never'.
  Type 'null' is not assignable to type 'never'.
src/components/sales-catalog-360.tsx(110,141): error TS2345: Argument of type 'string | undefined' is not assignable to parameter of type 'SetStateAction<string>'.
  Type 'undefined' is not assignable to type 'SetStateAction<string>'.
src/components/training-slide-experience.tsx(37,84): error TS4111: Property 'reading' comes from an index signature, so it must be accessed with ['reading'].
src/components/training-slide-experience.tsx(38,27): error TS4111: Property 'story' comes from an index signature, so it must be accessed with ['story'].
src/components/training-slide-experience.tsx(39,29): error TS4111: Property 'example' comes from an index signature, so it must be accessed with ['example'].
src/components/training-slide-experience.tsx(40,27): error TS4111: Property 'field' comes from an index signature, so it must be accessed with ['field'].
src/components/training-slide-experience.tsx(41,81): error TS4111: Property 'quiz' comes from an index signature, so it must be accessed with ['quiz'].
src/components/training-slide-experience.tsx(42,86): error TS4111: Property 'objective' comes from an index signature, so it must be accessed with ['objective'].
src/components/training-slide-experience.tsx(43,82): error TS4111: Property 'written' comes from an index signature, so it must be accessed with ['written'].
src/components/training-slide-experience.tsx(58,125): error TS4111: Property 'day' comes from an index signature, so it must be accessed with ['day'].
src/components/training-slide-experience.tsx(58,149): error TS4111: Property 'month' comes from an index signature, so it must be accessed with ['month'].
src/components/training-slide-experience.tsx(70,353): error TS4111: Property 'day' comes from an index signature, so it must be accessed with ['day'].
src/components/training-slide-experience.tsx(74,147): error TS4111: Property 'story' comes from an index signature, so it must be accessed with ['story'].
src/components/training-slide-experience.tsx(74,211): error TS4111: Property 'story' comes from an index signature, so it must be accessed with ['story'].
src/components/training-slide-experience.tsx(76,149): error TS4111: Property 'example' comes from an index signature, so it must be accessed with ['example'].
src/components/training-slide-experience.tsx(78,211): error TS4111: Property 'field' comes from an index signature, so it must be accessed with ['field'].
src/components/training-slide-experience.tsx(86,948): error TS4111: Property 'objective' comes from an index signature, so it must be accessed with ['objective'].
src/components/training-slide-experience.tsx(86,1128): error TS4111: Property 'written' comes from an index signature, so it must be accessed with ['written'].
src/components/training-slide-experience.tsx(86,1280): error TS4111: Property 'needAll' comes from an index signature, so it must be accessed with ['needAll'].
src/components/training-slide-experience.tsx(86,1853): error TS4111: Property 'saveDraft' comes from an index signature, so it must be accessed with ['saveDraft'].
src/components/training-slide-experience.tsx(86,2045): error TS4111: Property 'finish' comes from an index signature, so it must be accessed with ['finish'].
src/components/training-slide-experience.tsx(93,445): error TS4111: Property 'review' comes from an index signature, so it must be accessed with ['review'].
src/components/training-slide-experience.tsx(100,310): error TS4111: Property 'day' comes from an index signature, so it must be accessed with ['day'].
src/content/do-mamao-curriculum.ts(129,9): error TS18048: 'phase' is possibly 'undefined'.
src/content/do-mamao-curriculum.ts(131,12): error TS18048: 'phase' is possibly 'undefined'.
src/content/do-mamao-curriculum.ts(131,27): error TS18048: 'phase' is possibly 'undefined'.
src/content/do-mamao-curriculum.ts(132,77): error TS18048: 'phase' is possibly 'undefined'.
src/content/do-mamao-curriculum.ts(132,88): error TS18048: 'phase' is possibly 'undefined'.
src/content/do-mamao-curriculum.ts(135,28): error TS4111: Property 'q1' comes from an index signature, so it must be accessed with ['q1'].
src/content/do-mamao-curriculum.ts(135,35): error TS4111: Property 'q2' comes from an index signature, so it must be accessed with ['q2'].
src/content/do-mamao-curriculum.ts(135,42): error TS4111: Property 'q3' comes from an index signature, so it must be accessed with ['q3'].
src/content/do-mamao-curriculum.ts(135,49): error TS4111: Property 'q4' comes from an index signature, so it must be accessed with ['q4'].
src/content/do-mamao-curriculum.ts(135,56): error TS4111: Property 'q5' comes from an index signature, so it must be accessed with ['q5'].
src/content/do-mamao-curriculum.ts(135,63): error TS4111: Property 'q6' comes from an index signature, so it must be accessed with ['q6'].
src/content/do-mamao-curriculum.ts(135,70): error TS4111: Property 'q7' comes from an index signature, so it must be accessed with ['q7'].
src/content/do-mamao-curriculum.ts(135,145): error TS2345: Argument of type 'string | undefined' is not assignable to parameter of type 'string'.
  Type 'undefined' is not assignable to type 'string'.
src/content/do-mamao-curriculum.ts(135,166): error TS4111: Property 'yes' comes from an index signature, so it must be accessed with ['yes'].
src/content/do-mamao-curriculum.ts(135,174): error TS4111: Property 'part' comes from an index signature, so it must be accessed with ['part'].
src/content/do-mamao-curriculum.ts(135,183): error TS4111: Property 'no' comes from an index signature, so it must be accessed with ['no'].
src/content/do-mamao-curriculum.ts(136,26): error TS4111: Property 'w1' comes from an index signature, so it must be accessed with ['w1'].
src/content/do-mamao-curriculum.ts(136,33): error TS4111: Property 'w2' comes from an index signature, so it must be accessed with ['w2'].
src/content/do-mamao-curriculum.ts(136,40): error TS4111: Property 'w3' comes from an index signature, so it must be accessed with ['w3'].
src/content/do-mamao-curriculum.ts(136,113): error TS2345: Argument of type 'string | undefined' is not assignable to parameter of type 'string'.
  Type 'undefined' is not assignable to type 'string'.
src/content/do-mamao-curriculum.ts(137,54): error TS18048: 'phase' is possibly 'undefined'.
src/content/do-mamao-curriculum.ts(137,94): error TS18048: 'phase' is possibly 'undefined'.
src/content/do-mamao-curriculum.ts(137,148): error TS2322: Type 'string | undefined' is not assignable to type 'string'.
  Type 'undefined' is not assignable to type 'string'.
src/content/do-mamao-curriculum.ts(137,162): error TS4111: Property 'story' comes from an index signature, so it must be accessed with ['story'].
src/content/do-mamao-curriculum.ts(137,168): error TS2322: Type 'string | undefined' is not assignable to type 'string'.
  Type 'undefined' is not assignable to type 'string'.
src/content/do-mamao-curriculum.ts(137,180): error TS4111: Property 'example' comes from an index signature, so it must be accessed with ['example'].
src/content/do-mamao-curriculum.ts(137,188): error TS2322: Type 'string | undefined' is not assignable to type 'string'.
  Type 'undefined' is not assignable to type 'string'.
src/content/do-mamao-curriculum.ts(137,201): error TS4111: Property 'activity' comes from an index signature, so it must be accessed with ['activity'].
src/content/do-mamao-curriculum.ts(137,210): error TS2322: Type '({ id: string; type: "objective"; prompt: string; options: (string | undefined)[]; } | { id: string; type: "written"; prompt: string; })[]' is not assignable to type 'DailyQuestion[]'.
  Type '{ id: string; type: "objective"; prompt: string; options: (string | undefined)[]; } | { id: string; type: "written"; prompt: string; }' is not assignable to type 'DailyQuestion'.
    Type '{ id: string; type: "objective"; prompt: string; options: (string | undefined)[]; }' is not assignable to type 'DailyQuestion'.
      Types of property 'options' are incompatible.
        Type '(string | undefined)[]' is not assignable to type 'string[]'.
          Type 'string | undefined' is not assignable to type 'string'.
            Type 'undefined' is not assignable to type 'string'.
src/content/do-mamao-curriculum.ts(138,28): error TS2322: Type 'string | undefined' is not assignable to type 'string'.
  Type 'undefined' is not assignable to type 'string'.
src/content/do-mamao-curriculum.ts(138,39): error TS4111: Property 'quiz1' comes from an index signature, so it must be accessed with ['quiz1'].
src/content/do-mamao-curriculum.ts(138,54): error TS2322: Type 'string | undefined' is not assignable to type 'string'.
  Type 'undefined' is not assignable to type 'string'.
src/content/do-mamao-curriculum.ts(138,58): error TS4111: Property 'quiz1a' comes from an index signature, so it must be accessed with ['quiz1a'].
src/content/do-mamao-curriculum.ts(138,65): error TS2322: Type 'string | undefined' is not assignable to type 'string'.
  Type 'undefined' is not assignable to type 'string'.
src/content/do-mamao-curriculum.ts(138,69): error TS4111: Property 'quiz1b' comes from an index signature, so it must be accessed with ['quiz1b'].
src/content/do-mamao-curriculum.ts(138,76): error TS2322: Type 'string | undefined' is not assignable to type 'string'.
  Type 'undefined' is not assignable to type 'string'.
src/content/do-mamao-curriculum.ts(138,80): error TS4111: Property 'quiz1c' comes from an index signature, so it must be accessed with ['quiz1c'].
src/content/do-mamao-curriculum.ts(139,28): error TS2322: Type 'string | undefined' is not assignable to type 'string'.
  Type 'undefined' is not assignable to type 'string'.
src/content/do-mamao-curriculum.ts(139,39): error TS4111: Property 'quiz2' comes from an index signature, so it must be accessed with ['quiz2'].
src/content/do-mamao-curriculum.ts(139,54): error TS2322: Type 'string | undefined' is not assignable to type 'string'.
  Type 'undefined' is not assignable to type 'string'.
src/content/do-mamao-curriculum.ts(139,58): error TS4111: Property 'quiz2a' comes from an index signature, so it must be accessed with ['quiz2a'].
src/content/do-mamao-curriculum.ts(139,65): error TS2322: Type 'string | undefined' is not assignable to type 'string'.
  Type 'undefined' is not assignable to type 'string'.
src/content/do-mamao-curriculum.ts(139,69): error TS4111: Property 'quiz2b' comes from an index signature, so it must be accessed with ['quiz2b'].
src/content/do-mamao-curriculum.ts(139,76): error TS2322: Type 'string | undefined' is not assignable to type 'string'.
  Type 'undefined' is not assignable to type 'string'.
src/content/do-mamao-curriculum.ts(139,80): error TS4111: Property 'quiz2c' comes from an index signature, so it must be accessed with ['quiz2c'].
src/content/do-mamao-curriculum.ts(140,28): error TS2322: Type 'string | undefined' is not assignable to type 'string'.
  Type 'undefined' is not assignable to type 'string'.
src/content/do-mamao-curriculum.ts(140,39): error TS4111: Property 'quiz3' comes from an index signature, so it must be accessed with ['quiz3'].
src/content/do-mamao-curriculum.ts(140,54): error TS2322: Type 'string | undefined' is not assignable to type 'string'.
  Type 'undefined' is not assignable to type 'string'.
src/content/do-mamao-curriculum.ts(140,58): error TS4111: Property 'quiz3a' comes from an index signature, so it must be accessed with ['quiz3a'].
src/content/do-mamao-curriculum.ts(140,65): error TS2322: Type 'string | undefined' is not assignable to type 'string'.
  Type 'undefined' is not assignable to type 'string'.
src/content/do-mamao-curriculum.ts(140,69): error TS4111: Property 'quiz3b' comes from an index signature, so it must be accessed with ['quiz3b'].
src/content/do-mamao-curriculum.ts(140,76): error TS2322: Type 'string | undefined' is not assignable to type 'string'.
  Type 'undefined' is not assignable to type 'string'.
src/content/do-mamao-curriculum.ts(140,80): error TS4111: Property 'quiz3c' comes from an index signature, so it must be accessed with ['quiz3c'].
src/content/psychoanalysis-advanced-rigor.ts(49,53): error TS18048: 'rigor' is possibly 'undefined'.
src/content/psychoanalysis-advanced-rigor.ts(50,34): error TS18048: 'rigor' is possibly 'undefined'.
src/content/psychoanalysis-advanced-rigor.ts(51,35): error TS18048: 'rigor' is possibly 'undefined'.
src/content/psychoanalysis-advanced-rigor.ts(52,36): error TS18048: 'rigor' is possibly 'undefined'.
src/content/psychoanalysis-advanced-rigor.ts(53,34): error TS18048: 'rigor' is possibly 'undefined'.
src/content/psychoanalysis-international-autism-module.ts(46,3): error TS2353: Object literal may only specify known properties, and 'description' does not exist in type 'PsychoanalysisModule'.
src/integrations/supabase/request-auth.server.ts(71,32): error TS4111: Property 'email' comes from an index signature, so it must be accessed with ['email'].
src/integrations/supabase/request-auth.server.ts(71,60): error TS4111: Property 'email' comes from an index signature, so it must be accessed with ['email'].
src/lib/academic-editorial-v3.functions.ts(5,190): error TS2345: Argument of type '({ context, data }: ServerFnCtx<Register, "GET", readonly [FunctionMiddlewareAfterServer<{}, unknown, undefined, { supabase: SupabaseClient<Database, "public", "public", { Tables: { app_bootstrap: { Row: { completed: boolean; completed_at: string | null; id: boolean; }; Insert: { ...; }; Update: { ...; }; Relationsh...' is not assignable to parameter of type 'ServerFn<Register, "GET", readonly [FunctionMiddlewareAfterServer<{}, unknown, undefined, { supabase: SupabaseClient<Database, "public", "public", { Tables: { app_bootstrap: { Row: { completed: boolean; completed_at: string | null; id: boolean; }; Insert: { ...; }; Update: { ...; }; Relationships: []; }; ... 23 more...'.
  Type 'Promise<{ posts: any[]; profiles: any; articles: any; suggestions: any; stats: { editorialPercent: any; real24: any; real7: any; activeUsers: number; }; settings: any; followedIds: unknown[]; }>' is not assignable to type 'Promise<ValidateSerializableMapped<{ posts: any[]; profiles: any; articles: any; suggestions: any; stats: { editorialPercent: any; real24: any; real7: any; activeUsers: number; }; settings: any; followedIds: unknown[]; }, RegisteredSerializableInput<Register>>>'.
    Type '{ posts: any[]; profiles: any; articles: any; suggestions: any; stats: { editorialPercent: any; real24: any; real7: any; activeUsers: number; }; settings: any; followedIds: unknown[]; }' is not assignable to type 'ValidateSerializableMapped<{ posts: any[]; profiles: any; articles: any; suggestions: any; stats: { editorialPercent: any; real24: any; real7: any; activeUsers: number; }; settings: any; followedIds: unknown[]; }, RegisteredSerializableInput<Register>>'.
      Types of property 'followedIds' are incompatible.
        Type 'unknown[]' is not assignable to type 'SerializationError<"Type may not be serializable">[]'.
          Type 'unknown' is not assignable to type 'SerializationError<"Type may not be serializable">'.
src/lib/academic-network.server.ts(15,123): error TS2532: Object is possibly 'undefined'.
src/lib/academic-network.server.ts(25,66): error TS2345: Argument of type 'string | undefined' is not assignable to parameter of type 'string'.
  Type 'undefined' is not assignable to type 'string'.
src/lib/academic-social-v2.server.ts(46,193): error TS2345: Argument of type 'unknown' is not assignable to parameter of type 'string'.
src/lib/academy-subscription-courses.catalog.ts(30,24): error TS2375: Type '{ slug: string; productKey: string; category: "psicanalise" | "marketing" | "comportamento" | "gestao" | "educacao" | "direito"; hours: 60; certificate: true; subscriptionOnly: true; name: I18nText; description: I18nText; modules: SubscriptionCourseModule[]; disclaimer: I18nText | undefined; }' is not assignable to type 'SubscriptionCourse' with 'exactOptionalPropertyTypes: true'. Consider adding 'undefined' to the types of the target's properties.
  Types of property 'disclaimer' are incompatible.
    Type 'I18nText | undefined' is not assignable to type 'I18nText'.
      Type 'undefined' is not assignable to type 'I18nText'.
src/lib/ai-formation-commerce.server.ts(16,59): error TS4111: Property 'CLIENT_PANEL_URL' comes from an index signature, so it must be accessed with ['CLIENT_PANEL_URL'].
src/lib/ai-formation-commerce.server.ts(18,928): error TS4111: Property 'STRIPE_SECRET_KEY' comes from an index signature, so it must be accessed with ['STRIPE_SECRET_KEY'].
src/lib/ai-formation-commerce.server.ts(19,1152): error TS2551: Property 'full_name' does not exist on type 'ClientCustomer'. Did you mean 'fullName'?
src/lib/brief-therapy-commerce.server.ts(22,118): error TS4111: Property 'product_key' comes from an index signature, so it must be accessed with ['product_key'].
src/lib/brief-therapy-commerce.server.ts(22,150): error TS4111: Property 'product_key' comes from an index signature, so it must be accessed with ['product_key'].
src/lib/brief-therapy-commerce.server.ts(24,119): error TS4111: Property 'CLIENT_PANEL_URL' comes from an index signature, so it must be accessed with ['CLIENT_PANEL_URL'].
src/lib/brief-therapy-commerce.server.ts(98,800): error TS2551: Property 'full_name' does not exist on type 'ClientCustomer'. Did you mean 'fullName'?
src/lib/brief-therapy-commerce.server.ts(105,28): error TS4111: Property 'STRIPE_SECRET_KEY' comes from an index signature, so it must be accessed with ['STRIPE_SECRET_KEY'].
src/lib/business24-commerce.functions.ts(6,114): error TS2345: Argument of type '({ context }: ServerFnCtx<Register, "GET", readonly [FunctionMiddlewareAfterServer<{}, unknown, undefined, { supabase: SupabaseClient<Database, "public", "public", { Tables: { app_bootstrap: { Row: { completed: boolean; completed_at: string | null; id: boolean; }; Insert: { ...; }; Update: { ...; }; Relationships: [...' is not assignable to parameter of type 'ServerFn<Register, "GET", readonly [FunctionMiddlewareAfterServer<{}, unknown, undefined, { supabase: SupabaseClient<Database, "public", "public", { Tables: { app_bootstrap: { Row: { completed: boolean; completed_at: string | null; id: boolean; }; Insert: { ...; }; Update: { ...; }; Relationships: []; }; ... 23 more...'.
  Type 'Promise<{ trainingId: any; enrollmentId: any; state: Record<string, unknown>; completedLessons: any; progressPercent: number; projectEligible: boolean; projectSubmissions: any; studentName: string; ... 11 more ...; projectReviewIncluded: boolean; }>' is not assignable to type 'Promise<ValidateSerializableMapped<{ trainingId: any; enrollmentId: any; state: Record<string, unknown>; completedLessons: any; progressPercent: number; projectEligible: boolean; projectSubmissions: any; studentName: string; ... 11 more ...; projectReviewIncluded: boolean; }, RegisteredSerializableInput<...>>>'.
    Type '{ trainingId: any; enrollmentId: any; state: Record<string, unknown>; completedLessons: any; progressPercent: number; projectEligible: boolean; projectSubmissions: any; studentName: string; ... 11 more ...; projectReviewIncluded: boolean; }' is not assignable to type 'ValidateSerializableMapped<{ trainingId: any; enrollmentId: any; state: Record<string, unknown>; completedLessons: any; progressPercent: number; projectEligible: boolean; projectSubmissions: any; studentName: string; ... 11 more ...; projectReviewIncluded: boolean; }, RegisteredSerializableInput<...>>'.
      Types of property 'state' are incompatible.
        Type 'Record<string, unknown>' is not assignable to type 'ValidateSerializableMapped<Record<string, unknown>, RegisteredSerializableInput<Register>>'.
          'string' index signatures are incompatible.
            Type 'unknown' is not assignable to type 'SerializationError<"Type may not be serializable">'.
src/lib/business24-commerce.server.ts(17,62): error TS4111: Property 'CLIENT_PANEL_URL' comes from an index signature, so it must be accessed with ['CLIENT_PANEL_URL'].
src/lib/business24-commerce.server.ts(19,924): error TS4111: Property 'STRIPE_SECRET_KEY' comes from an index signature, so it must be accessed with ['STRIPE_SECRET_KEY'].
src/lib/creator-marketplace.server.ts(178,54): error TS4111: Property 'suggested_price_cents' comes from an index signature, so it must be accessed with ['suggested_price_cents'].
src/lib/creator-marketplace.server.ts(179,43): error TS4111: Property 'published_at' comes from an index signature, so it must be accessed with ['published_at'].
src/lib/digital-content.functions.ts(37,12): error TS2345: Argument of type '({ context, data }: ServerFnCtx<Register, "GET", readonly [FunctionMiddlewareAfterServer<{}, unknown, undefined, { supabase: SupabaseClient<Database, "public", "public", { Tables: { app_bootstrap: { Row: { completed: boolean; completed_at: string | null; id: boolean; }; Insert: { ...; }; Update: { ...; }; Relationsh...' is not assignable to parameter of type 'ServerFn<Register, "GET", readonly [FunctionMiddlewareAfterServer<{}, unknown, undefined, { supabase: SupabaseClient<Database, "public", "public", { Tables: { app_bootstrap: { Row: { completed: boolean; completed_at: string | null; id: boolean; }; Insert: { ...; }; Update: { ...; }; Relationships: []; }; ... 23 more...'.
  Type 'Promise<{ productKey: DigitalReaderProductKey; requestedLocale: DigitalReaderLocale; locale: DigitalReaderLocale; title: any; version: any; content: unknown; }>' is not assignable to type 'Promise<ValidateSerializableMapped<{ productKey: DigitalReaderProductKey; requestedLocale: DigitalReaderLocale; locale: DigitalReaderLocale; title: any; version: any; content: unknown; }, RegisteredSerializableInput<...>>>'.
    Type '{ productKey: DigitalReaderProductKey; requestedLocale: DigitalReaderLocale; locale: DigitalReaderLocale; title: any; version: any; content: unknown; }' is not assignable to type 'ValidateSerializableMapped<{ productKey: DigitalReaderProductKey; requestedLocale: DigitalReaderLocale; locale: DigitalReaderLocale; title: any; version: any; content: unknown; }, RegisteredSerializableInput<...>>'.
      Types of property 'content' are incompatible.
        Type 'unknown' is not assignable to type 'SerializationError<"Type may not be serializable">'.
src/lib/digital-content.server.ts(64,45): error TS4111: Property 'product_key' comes from an index signature, so it must be accessed with ['product_key'].
src/lib/digital-content.server.ts(64,81): error TS4111: Property 'product_key' comes from an index signature, so it must be accessed with ['product_key'].
src/lib/digital-content.server.ts(97,11): error TS2769: No overload matches this call.
  Overload 1 of 2, '(relation: "app_bootstrap" | "appointment_calendar_sync" | "appointments" | "appointment_events" | "service_catalog" | "customers" | "mentorships" | "orders" | "audit_logs" | "business_projects" | ... 14 more ... | "user_roles"): PostgrestQueryBuilder<...>', gave the following error.
    Argument of type '"digital_product_content"' is not assignable to parameter of type '"app_bootstrap" | "appointment_calendar_sync" | "appointments" | "appointment_events" | "service_catalog" | "customers" | "mentorships" | "orders" | "audit_logs" | "business_projects" | ... 14 more ... | "user_roles"'.
  Overload 2 of 2, '(relation: never): PostgrestQueryBuilder<{ PostgrestVersion: "14.15"; }, { Tables: { app_bootstrap: { Row: { completed: boolean; completed_at: string | null; id: boolean; }; Insert: { completed?: boolean; completed_at?: string | null; id?: boolean; }; Update: { ...; }; Relationships: []; }; ... 23 more ...; user_roles: { ...; }; }; Views: {}; Functions: { ...; }; Enums: { ...; }; CompositeTypes: {}; }, never, never, never>', gave the following error.
    Argument of type '"digital_product_content"' is not assignable to parameter of type 'never'.
src/lib/digital-content.server.ts(99,9): error TS2345: Argument of type '"product_key"' is not assignable to parameter of type 'never'.
src/lib/digital-content.server.ts(100,9): error TS2345: Argument of type '"locale"' is not assignable to parameter of type 'never'.
src/lib/digital-content.server.ts(101,9): error TS2345: Argument of type '"active"' is not assignable to parameter of type 'never'.
src/lib/digital-content.server.ts(106,13): error TS2769: No overload matches this call.
  Overload 1 of 2, '(relation: "app_bootstrap" | "appointment_calendar_sync" | "appointments" | "appointment_events" | "service_catalog" | "customers" | "mentorships" | "orders" | "audit_logs" | "business_projects" | ... 14 more ... | "user_roles"): PostgrestQueryBuilder<...>', gave the following error.
    Argument of type '"digital_product_content"' is not assignable to parameter of type '"app_bootstrap" | "appointment_calendar_sync" | "appointments" | "appointment_events" | "service_catalog" | "customers" | "mentorships" | "orders" | "audit_logs" | "business_projects" | ... 14 more ... | "user_roles"'.
  Overload 2 of 2, '(relation: never): PostgrestQueryBuilder<{ PostgrestVersion: "14.15"; }, { Tables: { app_bootstrap: { Row: { completed: boolean; completed_at: string | null; id: boolean; }; Insert: { completed?: boolean; completed_at?: string | null; id?: boolean; }; Update: { ...; }; Relationships: []; }; ... 23 more ...; user_roles: { ...; }; }; Views: {}; Functions: { ...; }; Enums: { ...; }; CompositeTypes: {}; }, never, never, never>', gave the following error.
    Argument of type '"digital_product_content"' is not assignable to parameter of type 'never'.
src/lib/digital-content.server.ts(108,11): error TS2345: Argument of type '"product_key"' is not assignable to parameter of type 'never'.
src/lib/digital-content.server.ts(109,11): error TS2345: Argument of type '"locale"' is not assignable to parameter of type 'never'.
src/lib/digital-content.server.ts(110,11): error TS2345: Argument of type '"active"' is not assignable to parameter of type 'never'.
src/lib/digital-content.server.ts(119,22): error TS2339: Property 'product_key' does not exist on type 'SelectQueryError<"column 'product_key' does not exist on 'app_bootstrap'."> | SelectQueryError<"column 'product_key' does not exist on 'appointment_calendar_sync'."> | ... 22 more ... | SelectQueryError<...>'.
  Property 'product_key' does not exist on type 'SelectQueryError<"column 'product_key' does not exist on 'app_bootstrap'.">'.
src/lib/digital-content.server.ts(121,18): error TS2339: Property 'locale' does not exist on type 'SelectQueryError<"column 'product_key' does not exist on 'app_bootstrap'."> | SelectQueryError<"column 'product_key' does not exist on 'appointment_calendar_sync'."> | ... 22 more ... | SelectQueryError<...>'.
  Property 'locale' does not exist on type 'SelectQueryError<"column 'product_key' does not exist on 'app_bootstrap'.">'.
src/lib/digital-content.server.ts(122,17): error TS2339: Property 'title' does not exist on type 'SelectQueryError<"column 'product_key' does not exist on 'app_bootstrap'."> | SelectQueryError<"column 'product_key' does not exist on 'appointment_calendar_sync'."> | ... 22 more ... | SelectQueryError<...>'.
  Property 'title' does not exist on type 'SelectQueryError<"column 'product_key' does not exist on 'app_bootstrap'.">'.
src/lib/digital-content.server.ts(123,19): error TS2339: Property 'version' does not exist on type 'SelectQueryError<"column 'product_key' does not exist on 'app_bootstrap'."> | SelectQueryError<"column 'product_key' does not exist on 'appointment_calendar_sync'."> | ... 22 more ... | SelectQueryError<...>'.
  Property 'version' does not exist on type 'SelectQueryError<"column 'product_key' does not exist on 'app_bootstrap'.">'.
src/lib/digital-content.server.ts(124,33): error TS2339: Property 'content' does not exist on type 'SelectQueryError<"column 'product_key' does not exist on 'app_bootstrap'."> | SelectQueryError<"column 'product_key' does not exist on 'appointment_calendar_sync'."> | ... 22 more ... | SelectQueryError<...>'.
  Property 'content' does not exist on type 'SelectQueryError<"column 'product_key' does not exist on 'app_bootstrap'.">'.
src/lib/editorial-editions.ts(3,111): error TS2375: Type '{ title: string; deck: string; body: string; source: string | undefined; url: string | undefined; sourceDate: string | undefined; }' is not assignable to type 'EditorialStory' with 'exactOptionalPropertyTypes: true'. Consider adding 'undefined' to the types of the target's properties.
  Types of property 'source' are incompatible.
    Type 'string | undefined' is not assignable to type 'string'.
      Type 'undefined' is not assignable to type 'string'.
src/lib/editorial-subscription.server.ts(13,62): error TS4111: Property 'CLIENT_PANEL_URL' comes from an index signature, so it must be accessed with ['CLIENT_PANEL_URL'].
src/lib/editorial-subscription.server.ts(18,64): error TS4111: Property 'STRIPE_SECRET_KEY' comes from an index signature, so it must be accessed with ['STRIPE_SECRET_KEY'].
src/lib/editorial-subscription.server.ts(35,28): error TS4111: Property 'STRIPE_SECRET_KEY' comes from an index signature, so it must be accessed with ['STRIPE_SECRET_KEY'].
src/lib/editorial-subscription.server.ts(45,452): error TS4111: Property 'STRIPE_SECRET_KEY' comes from an index signature, so it must be accessed with ['STRIPE_SECRET_KEY'].
src/lib/free-first-aid.functions.ts(1,193): error TS4111: Property 'email' comes from an index signature, so it must be accessed with ['email'].
src/lib/free-first-aid.functions.ts(1,212): error TS4111: Property 'email' comes from an index signature, so it must be accessed with ['email'].
src/lib/free-french-a1.functions.ts(1,193): error TS4111: Property 'email' comes from an index signature, so it must be accessed with ['email'].
src/lib/free-french-a1.functions.ts(1,212): error TS4111: Property 'email' comes from an index signature, so it must be accessed with ['email'].
src/lib/free-hr-formation.functions.ts(3,60): error TS4111: Property 'email' comes from an index signature, so it must be accessed with ['email'].
src/lib/free-hr-formation.functions.ts(3,79): error TS4111: Property 'email' comes from an index signature, so it must be accessed with ['email'].
src/lib/free-hr-formation.server.ts(18,118): error TS4111: Property 'product_key' comes from an index signature, so it must be accessed with ['product_key'].
src/lib/free-hr-formation.server.ts(18,150): error TS4111: Property 'product_key' comes from an index signature, so it must be accessed with ['product_key'].
src/lib/free-hr-formation.server.ts(20,68): error TS4111: Property 'CLIENT_PANEL_URL' comes from an index signature, so it must be accessed with ['CLIENT_PANEL_URL'].
src/lib/free-hr-formation.server.ts(27,961): error TS4111: Property 'STRIPE_SECRET_KEY' comes from an index signature, so it must be accessed with ['STRIPE_SECRET_KEY'].
src/lib/international-psychoanalysis-commerce.server.ts(12,96): error TS4111: Property 'product_key' comes from an index signature, so it must be accessed with ['product_key'].
src/lib/international-psychoanalysis-commerce.server.ts(12,121): error TS4111: Property 'product_key' comes from an index signature, so it must be accessed with ['product_key'].
src/lib/international-psychoanalysis-commerce.server.ts(12,216): error TS4111: Property 'source' comes from an index signature, so it must be accessed with ['source'].
src/lib/international-psychoanalysis-commerce.server.ts(14,62): error TS4111: Property 'CLIENT_PANEL_URL' comes from an index signature, so it must be accessed with ['CLIENT_PANEL_URL'].
src/lib/international-psychoanalysis-commerce.server.ts(22,1071): error TS4111: Property 'STRIPE_SECRET_KEY' comes from an index signature, so it must be accessed with ['STRIPE_SECRET_KEY'].
src/lib/leadership-commerce.server.ts(19,118): error TS4111: Property 'product_key' comes from an index signature, so it must be accessed with ['product_key'].
src/lib/leadership-commerce.server.ts(19,150): error TS4111: Property 'product_key' comes from an index signature, so it must be accessed with ['product_key'].
src/lib/leadership-commerce.server.ts(21,119): error TS4111: Property 'CLIENT_PANEL_URL' comes from an index signature, so it must be accessed with ['CLIENT_PANEL_URL'].
src/lib/leadership-commerce.server.ts(28,833): error TS2551: Property 'full_name' does not exist on type 'ClientCustomer'. Did you mean 'fullName'?
src/lib/leadership-commerce.server.ts(29,1044): error TS4111: Property 'STRIPE_SECRET_KEY' comes from an index signature, so it must be accessed with ['STRIPE_SECRET_KEY'].
src/lib/learning.server.ts(20,45): error TS2769: No overload matches this call.
  Overload 1 of 2, '(relation: "app_bootstrap" | "appointment_calendar_sync" | "appointments" | "appointment_events" | "service_catalog" | "customers" | "mentorships" | "orders" | "audit_logs" | "business_projects" | ... 14 more ... | "user_roles"): PostgrestQueryBuilder<...>', gave the following error.
    Argument of type '"platform_settings"' is not assignable to parameter of type '"app_bootstrap" | "appointment_calendar_sync" | "appointments" | "appointment_events" | "service_catalog" | "customers" | "mentorships" | "orders" | "audit_logs" | "business_projects" | ... 14 more ... | "user_roles"'.
  Overload 2 of 2, '(relation: never): PostgrestQueryBuilder<{ PostgrestVersion: "14.15"; }, { Tables: { app_bootstrap: { Row: { completed: boolean; completed_at: string | null; id: boolean; }; Insert: { completed?: boolean; completed_at?: string | null; id?: boolean; }; Update: { ...; }; Relationships: []; }; ... 23 more ...; user_roles: { ...; }; }; Views: {}; Functions: { ...; }; Enums: { ...; }; CompositeTypes: {}; }, never, never, never>', gave the following error.
    Argument of type '"platform_settings"' is not assignable to parameter of type 'never'.
src/lib/learning.server.ts(20,85): error TS2345: Argument of type '"key"' is not assignable to parameter of type 'never'.
src/lib/learning.server.ts(21,16): error TS2551: Property 'value' does not exist on type 'SelectQueryError<"column 'value' does not exist on 'app_bootstrap'."> | SelectQueryError<"column 'value' does not exist on 'appointment_calendar_sync'."> | ... 22 more ... | SelectQueryError<...>'. Did you mean 'valueOf'?
  Property 'value' does not exist on type 'SelectQueryError<"column 'value' does not exist on 'app_bootstrap'.">'.
src/lib/learning.server.ts(28,13): error TS2769: No overload matches this call.
  Overload 1 of 2, '(relation: "app_bootstrap" | "appointment_calendar_sync" | "appointments" | "appointment_events" | "service_catalog" | "customers" | "mentorships" | "orders" | "audit_logs" | "business_projects" | ... 14 more ... | "user_roles"): PostgrestQueryBuilder<...>', gave the following error.
    Argument of type '"training_programs"' is not assignable to parameter of type '"app_bootstrap" | "appointment_calendar_sync" | "appointments" | "appointment_events" | "service_catalog" | "customers" | "mentorships" | "orders" | "audit_logs" | "business_projects" | ... 14 more ... | "user_roles"'.
  Overload 2 of 2, '(relation: never): PostgrestQueryBuilder<{ PostgrestVersion: "14.15"; }, { Tables: { app_bootstrap: { Row: { completed: boolean; completed_at: string | null; id: boolean; }; Insert: { completed?: boolean; completed_at?: string | null; id?: boolean; }; Update: { ...; }; Relationships: []; }; ... 23 more ...; user_roles: { ...; }; }; Views: {}; Functions: { ...; }; Enums: { ...; }; CompositeTypes: {}; }, never, never, never>', gave the following error.
    Argument of type '"training_programs"' is not assignable to parameter of type 'never'.
src/lib/learning.server.ts(30,11): error TS2345: Argument of type '"slug"' is not assignable to parameter of type 'never'.
src/lib/learning.server.ts(31,11): error TS2345: Argument of type '"status"' is not assignable to parameter of type 'never'.
src/lib/learning.server.ts(33,19): error TS2339: Property 'id' does not exist on type 'SelectQueryError<"column 'id' does not exist on 'app_bootstrap'."> | SelectQueryError<"column 'id' does not exist on 'appointment_calendar_sync'."> | ... 22 more ... | SelectQueryError<...>'.
  Property 'id' does not exist on type 'SelectQueryError<"column 'id' does not exist on 'app_bootstrap'.">'.
src/lib/learning.server.ts(34,32): error TS2769: No overload matches this call.
  Overload 1 of 2, '(relation: "app_bootstrap" | "appointment_calendar_sync" | "appointments" | "appointment_events" | "service_catalog" | "customers" | "mentorships" | "orders" | "audit_logs" | "business_projects" | ... 14 more ... | "user_roles"): PostgrestQueryBuilder<...>', gave the following error.
    Argument of type '"training_enrollments"' is not assignable to parameter of type '"app_bootstrap" | "appointment_calendar_sync" | "appointments" | "appointment_events" | "service_catalog" | "customers" | "mentorships" | "orders" | "audit_logs" | "business_projects" | ... 14 more ... | "user_roles"'.
  Overload 2 of 2, '(relation: never): PostgrestQueryBuilder<{ PostgrestVersion: "14.15"; }, { Tables: { app_bootstrap: { Row: { completed: boolean; completed_at: string | null; id: boolean; }; Insert: { completed?: boolean; completed_at?: string | null; id?: boolean; }; Update: { ...; }; Relationships: []; }; ... 23 more ...; user_roles: { ...; }; }; Views: {}; Functions: { ...; }; Enums: { ...; }; CompositeTypes: {}; }, never, never, never>', gave the following error.
    Argument of type '"training_enrollments"' is not assignable to parameter of type 'never'.
src/lib/learning.server.ts(35,11): error TS2322: Type 'any' is not assignable to type 'never'.
src/lib/learning.server.ts(35,33): error TS2339: Property 'id' does not exist on type 'SelectQueryError<"column 'id' does not exist on 'app_bootstrap'."> | SelectQueryError<"column 'id' does not exist on 'appointment_calendar_sync'."> | ... 22 more ... | SelectQueryError<...>'.
  Property 'id' does not exist on type 'SelectQueryError<"column 'id' does not exist on 'app_bootstrap'.">'.
src/lib/learning.server.ts(35,37): error TS2322: Type 'string' is not assignable to type 'never'.
src/lib/learning.server.ts(35,63): error TS2322: Type 'true' is not assignable to type 'never'.
src/lib/learning.server.ts(41,24): error TS2769: No overload matches this call.
  Overload 1 of 2, '(relation: "app_bootstrap" | "appointment_calendar_sync" | "appointments" | "appointment_events" | "service_catalog" | "customers" | "mentorships" | "orders" | "audit_logs" | "business_projects" | ... 14 more ... | "user_roles"): PostgrestQueryBuilder<...>', gave the following error.
    Argument of type '"training_enrollments"' is not assignable to parameter of type '"app_bootstrap" | "appointment_calendar_sync" | "appointments" | "appointment_events" | "service_catalog" | "customers" | "mentorships" | "orders" | "audit_logs" | "business_projects" | ... 14 more ... | "user_roles"'.
  Overload 2 of 2, '(relation: never): PostgrestQueryBuilder<{ PostgrestVersion: "14.15"; }, { Tables: { app_bootstrap: { Row: { completed: boolean; completed_at: string | null; id: boolean; }; Insert: { completed?: boolean; completed_at?: string | null; id?: boolean; }; Update: { ...; }; Relationships: []; }; ... 23 more ...; user_roles: { ...; }; }; Views: {}; Functions: { ...; }; Enums: { ...; }; CompositeTypes: {}; }, never, never, never>', gave the following error.
    Argument of type '"training_enrollments"' is not assignable to parameter of type 'never'.
src/lib/learning.server.ts(41,190): error TS2345: Argument of type '"customer_id"' is not assignable to parameter of type 'never'.
src/lib/learning.server.ts(41,221): error TS2345: Argument of type '"active"' is not assignable to parameter of type 'never'.
src/lib/learning.server.ts(42,24): error TS2769: No overload matches this call.
  Overload 1 of 2, '(relation: "app_bootstrap" | "appointment_calendar_sync" | "appointments" | "appointment_events" | "service_catalog" | "customers" | "mentorships" | "orders" | "audit_logs" | "business_projects" | ... 14 more ... | "user_roles"): PostgrestQueryBuilder<...>', gave the following error.
    Argument of type '"library_comments"' is not assignable to parameter of type '"app_bootstrap" | "appointment_calendar_sync" | "appointments" | "appointment_events" | "service_catalog" | "customers" | "mentorships" | "orders" | "audit_logs" | "business_projects" | ... 14 more ... | "user_roles"'.
  Overload 2 of 2, '(relation: never): PostgrestQueryBuilder<{ PostgrestVersion: "14.15"; }, { Tables: { app_bootstrap: { Row: { completed: boolean; completed_at: string | null; id: boolean; }; Insert: { completed?: boolean; completed_at?: string | null; id?: boolean; }; Update: { ...; }; Relationships: []; }; ... 23 more ...; user_roles: { ...; }; }; Views: {}; Functions: { ...; }; Enums: { ...; }; CompositeTypes: {}; }, never, never, never>', gave the following error.
    Argument of type '"library_comments"' is not assignable to parameter of type 'never'.
src/lib/learning.server.ts(42,157): error TS2345: Argument of type '"customer_id"' is not assignable to parameter of type 'never'.
src/lib/learning.server.ts(43,24): error TS2769: No overload matches this call.
  Overload 1 of 2, '(relation: "app_bootstrap" | "appointment_calendar_sync" | "appointments" | "appointment_events" | "service_catalog" | "customers" | "mentorships" | "orders" | "audit_logs" | "business_projects" | ... 14 more ... | "user_roles"): PostgrestQueryBuilder<...>', gave the following error.
    Argument of type '"library_progress"' is not assignable to parameter of type '"app_bootstrap" | "appointment_calendar_sync" | "appointments" | "appointment_events" | "service_catalog" | "customers" | "mentorships" | "orders" | "audit_logs" | "business_projects" | ... 14 more ... | "user_roles"'.
  Overload 2 of 2, '(relation: never): PostgrestQueryBuilder<{ PostgrestVersion: "14.15"; }, { Tables: { app_bootstrap: { Row: { completed: boolean; completed_at: string | null; id: boolean; }; Insert: { completed?: boolean; completed_at?: string | null; id?: boolean; }; Update: { ...; }; Relationships: []; }; ... 23 more ...; user_roles: { ...; }; }; Views: {}; Functions: { ...; }; Enums: { ...; }; CompositeTypes: {}; }, never, never, never>', gave the following error.
    Argument of type '"library_progress"' is not assignable to parameter of type 'never'.
src/lib/learning.server.ts(43,114): error TS2345: Argument of type '"customer_id"' is not assignable to parameter of type 'never'.
src/lib/learning.server.ts(51,26): error TS2769: No overload matches this call.
  Overload 1 of 2, '(relation: "app_bootstrap" | "appointment_calendar_sync" | "appointments" | "appointment_events" | "service_catalog" | "customers" | "mentorships" | "orders" | "audit_logs" | "business_projects" | ... 14 more ... | "user_roles"): PostgrestQueryBuilder<...>', gave the following error.
    Argument of type '"training_modules"' is not assignable to parameter of type '"app_bootstrap" | "appointment_calendar_sync" | "appointments" | "appointment_events" | "service_catalog" | "customers" | "mentorships" | "orders" | "audit_logs" | "business_projects" | ... 14 more ... | "user_roles"'.
  Overload 2 of 2, '(relation: never): PostgrestQueryBuilder<{ PostgrestVersion: "14.15"; }, { Tables: { app_bootstrap: { Row: { completed: boolean; completed_at: string | null; id: boolean; }; Insert: { completed?: boolean; completed_at?: string | null; id?: boolean; }; Update: { ...; }; Relationships: []; }; ... 23 more ...; user_roles: { ...; }; }; Views: {}; Functions: { ...; }; Enums: { ...; }; CompositeTypes: {}; }, never, never, never>', gave the following error.
    Argument of type '"training_modules"' is not assignable to parameter of type 'never'.
src/lib/learning.server.ts(51,142): error TS2345: Argument of type '"published"' is not assignable to parameter of type 'never'.
src/lib/learning.server.ts(52,26): error TS2769: No overload matches this call.
  Overload 1 of 2, '(relation: "app_bootstrap" | "appointment_calendar_sync" | "appointments" | "appointment_events" | "service_catalog" | "customers" | "mentorships" | "orders" | "audit_logs" | "business_projects" | ... 14 more ... | "user_roles"): PostgrestQueryBuilder<...>', gave the following error.
    Argument of type '"training_materials"' is not assignable to parameter of type '"app_bootstrap" | "appointment_calendar_sync" | "appointments" | "appointment_events" | "service_catalog" | "customers" | "mentorships" | "orders" | "audit_logs" | "business_projects" | ... 14 more ... | "user_roles"'.
  Overload 2 of 2, '(relation: never): PostgrestQueryBuilder<{ PostgrestVersion: "14.15"; }, { Tables: { app_bootstrap: { Row: { completed: boolean; completed_at: string | null; id: boolean; }; Insert: { completed?: boolean; completed_at?: string | null; id?: boolean; }; Update: { ...; }; Relationships: []; }; ... 23 more ...; user_roles: { ...; }; }; Views: {}; Functions: { ...; }; Enums: { ...; }; CompositeTypes: {}; }, never, never, never>', gave the following error.
    Argument of type '"training_materials"' is not assignable to parameter of type 'never'.
src/lib/learning.server.ts(52,177): error TS2345: Argument of type '"published"' is not assignable to parameter of type 'never'.
src/lib/learning.server.ts(53,26): error TS2769: No overload matches this call.
  Overload 1 of 2, '(relation: "app_bootstrap" | "appointment_calendar_sync" | "appointments" | "appointment_events" | "service_catalog" | "customers" | "mentorships" | "orders" | "audit_logs" | "business_projects" | ... 14 more ... | "user_roles"): PostgrestQueryBuilder<...>', gave the following error.
    Argument of type '"training_live_sessions"' is not assignable to parameter of type '"app_bootstrap" | "appointment_calendar_sync" | "appointments" | "appointment_events" | "service_catalog" | "customers" | "mentorships" | "orders" | "audit_logs" | "business_projects" | ... 14 more ... | "user_roles"'.
  Overload 2 of 2, '(relation: never): PostgrestQueryBuilder<{ PostgrestVersion: "14.15"; }, { Tables: { app_bootstrap: { Row: { completed: boolean; completed_at: string | null; id: boolean; }; Insert: { completed?: boolean; completed_at?: string | null; id?: boolean; }; Update: { ...; }; Relationships: []; }; ... 23 more ...; user_roles: { ...; }; }; Views: {}; Functions: { ...; }; Enums: { ...; }; CompositeTypes: {}; }, never, never, never>', gave the following error.
    Argument of type '"training_live_sessions"' is not assignable to parameter of type 'never'.
src/lib/learning.server.ts(53,251): error TS2345: Argument of type '"published"' is not assignable to parameter of type 'never'.
src/lib/learning.server.ts(54,26): error TS2769: No overload matches this call.
  Overload 1 of 2, '(relation: "app_bootstrap" | "appointment_calendar_sync" | "appointments" | "appointment_events" | "service_catalog" | "customers" | "mentorships" | "orders" | "audit_logs" | "business_projects" | ... 14 more ... | "user_roles"): PostgrestQueryBuilder<...>', gave the following error.
    Argument of type '"training_announcements"' is not assignable to parameter of type '"app_bootstrap" | "appointment_calendar_sync" | "appointments" | "appointment_events" | "service_catalog" | "customers" | "mentorships" | "orders" | "audit_logs" | "business_projects" | ... 14 more ... | "user_roles"'.
  Overload 2 of 2, '(relation: never): PostgrestQueryBuilder<{ PostgrestVersion: "14.15"; }, { Tables: { app_bootstrap: { Row: { completed: boolean; completed_at: string | null; id: boolean; }; Insert: { completed?: boolean; completed_at?: string | null; id?: boolean; }; Update: { ...; }; Relationships: []; }; ... 23 more ...; user_roles: { ...; }; }; Views: {}; Functions: { ...; }; Enums: { ...; }; CompositeTypes: {}; }, never, never, never>', gave the following error.
    Argument of type '"training_announcements"' is not assignable to parameter of type 'never'.
src/lib/learning.server.ts(54,143): error TS2345: Argument of type '"published"' is not assignable to parameter of type 'never'.
src/lib/learning.server.ts(68,59): error TS2769: No overload matches this call.
  Overload 1 of 2, '(relation: "app_bootstrap" | "appointment_calendar_sync" | "appointments" | "appointment_events" | "service_catalog" | "customers" | "mentorships" | "orders" | "audit_logs" | "business_projects" | ... 14 more ... | "user_roles"): PostgrestQueryBuilder<...>', gave the following error.
    Argument of type '"training_enrollments"' is not assignable to parameter of type '"app_bootstrap" | "appointment_calendar_sync" | "appointments" | "appointment_events" | "service_catalog" | "customers" | "mentorships" | "orders" | "audit_logs" | "business_projects" | ... 14 more ... | "user_roles"'.
  Overload 2 of 2, '(relation: never): PostgrestQueryBuilder<{ PostgrestVersion: "14.15"; }, { Tables: { app_bootstrap: { Row: { completed: boolean; completed_at: string | null; id: boolean; }; Insert: { completed?: boolean; completed_at?: string | null; id?: boolean; }; Update: { ...; }; Relationships: []; }; ... 23 more ...; user_roles: { ...; }; }; Views: {}; Functions: { ...; }; Enums: { ...; }; CompositeTypes: {}; }, never, never, never>', gave the following error.
    Argument of type '"training_enrollments"' is not assignable to parameter of type 'never'.
src/lib/learning.server.ts(68,99): error TS2345: Argument of type '"training_id"' is not assignable to parameter of type 'never'.
src/lib/learning.server.ts(68,135): error TS2345: Argument of type '"customer_id"' is not assignable to parameter of type 'never'.
src/lib/learning.server.ts(68,166): error TS2345: Argument of type '"active"' is not assignable to parameter of type 'never'.
src/lib/learning.server.ts(71,46): error TS2769: No overload matches this call.
  Overload 1 of 2, '(relation: "app_bootstrap" | "appointment_calendar_sync" | "appointments" | "appointment_events" | "service_catalog" | "customers" | "mentorships" | "orders" | "audit_logs" | "business_projects" | ... 14 more ... | "user_roles"): PostgrestQueryBuilder<...>', gave the following error.
    Argument of type '"library_comments"' is not assignable to parameter of type '"app_bootstrap" | "appointment_calendar_sync" | "appointments" | "appointment_events" | "service_catalog" | "customers" | "mentorships" | "orders" | "audit_logs" | "business_projects" | ... 14 more ... | "user_roles"'.
  Overload 2 of 2, '(relation: never): PostgrestQueryBuilder<{ PostgrestVersion: "14.15"; }, { Tables: { app_bootstrap: { Row: { completed: boolean; completed_at: string | null; id: boolean; }; Insert: { completed?: boolean; completed_at?: string | null; id?: boolean; }; Update: { ...; }; Relationships: []; }; ... 23 more ...; user_roles: { ...; }; }; Views: {}; Functions: { ...; }; Enums: { ...; }; CompositeTypes: {}; }, never, never, never>', gave the following error.
    Argument of type '"library_comments"' is not assignable to parameter of type 'never'.
src/lib/learning.server.ts(71,75): error TS2322: Type 'string' is not assignable to type 'never'.
src/lib/learning.server.ts(71,101): error TS2322: Type 'string | null' is not assignable to type 'never'.
  Type 'null' is not assignable to type 'never'.
src/lib/learning.server.ts(71,140): error TS2322: Type 'string | null' is not assignable to type 'never'.
  Type 'null' is not assignable to type 'never'.
src/lib/learning.server.ts(71,179): error TS2322: Type 'string | null' is not assignable to type 'never'.
  Type 'null' is not assignable to type 'never'.
src/lib/learning.server.ts(71,214): error TS2322: Type 'string' is not assignable to type 'never'.
src/lib/learning.server.ts(71,238): error TS2322: Type 'string' is not assignable to type 'never'.
src/lib/learning.server.ts(71,261): error TS2322: Type 'string' is not assignable to type 'never'.
src/lib/learning.server.ts(71,294): error TS2322: Type 'string' is not assignable to type 'never'.
src/lib/learning.server.ts(71,300): error TS2322: Type 'string' is not assignable to type 'never'.
src/lib/learning.server.ts(79,54): error TS2769: No overload matches this call.
  Overload 1 of 2, '(relation: "app_bootstrap" | "appointment_calendar_sync" | "appointments" | "appointment_events" | "service_catalog" | "customers" | "mentorships" | "orders" | "audit_logs" | "business_projects" | ... 14 more ... | "user_roles"): PostgrestQueryBuilder<...>', gave the following error.
    Argument of type '"library_comments"' is not assignable to parameter of type '"app_bootstrap" | "appointment_calendar_sync" | "appointments" | "appointment_events" | "service_catalog" | "customers" | "mentorships" | "orders" | "audit_logs" | "business_projects" | ... 14 more ... | "user_roles"'.
  Overload 2 of 2, '(relation: never): PostgrestQueryBuilder<{ PostgrestVersion: "14.15"; }, { Tables: { app_bootstrap: { Row: { completed: boolean; completed_at: string | null; id: boolean; }; Insert: { completed?: boolean; completed_at?: string | null; id?: boolean; }; Update: { ...; }; Relationships: []; }; ... 23 more ...; user_roles: { ...; }; }; Views: {}; Functions: { ...; }; Enums: { ...; }; CompositeTypes: {}; }, never, never, never>', gave the following error.
    Argument of type '"library_comments"' is not assignable to parameter of type 'never'.
src/lib/learning.server.ts(79,129): error TS2345: Argument of type '"id"' is not assignable to parameter of type 'never'.
src/lib/learning.server.ts(80,27): error TS2339: Property 'customer_id' does not exist on type 'SelectQueryError<"column 'id' does not exist on 'app_bootstrap'."> | SelectQueryError<"column 'id' does not exist on 'appointment_calendar_sync'."> | ... 22 more ... | SelectQueryError<...>'.
  Property 'customer_id' does not exist on type 'SelectQueryError<"column 'id' does not exist on 'app_bootstrap'.">'.
src/lib/learning.server.ts(80,66): error TS2339: Property 'author_kind' does not exist on type 'SelectQueryError<"column 'id' does not exist on 'app_bootstrap'."> | SelectQueryError<"column 'id' does not exist on 'appointment_calendar_sync'."> | ... 22 more ... | SelectQueryError<...>'.
  Property 'author_kind' does not exist on type 'SelectQueryError<"column 'id' does not exist on 'app_bootstrap'.">'.
src/lib/learning.server.ts(80,102): error TS2339: Property 'author_user_id' does not exist on type 'SelectQueryError<"column 'id' does not exist on 'app_bootstrap'."> | SelectQueryError<"column 'id' does not exist on 'appointment_calendar_sync'."> | ... 22 more ... | SelectQueryError<...>'.
  Property 'author_user_id' does not exist on type 'SelectQueryError<"column 'id' does not exist on 'app_bootstrap'.">'.
src/lib/learning.server.ts(81,46): error TS2769: No overload matches this call.
  Overload 1 of 2, '(relation: "app_bootstrap" | "appointment_calendar_sync" | "appointments" | "appointment_events" | "service_catalog" | "customers" | "mentorships" | "orders" | "audit_logs" | "business_projects" | ... 14 more ... | "user_roles"): PostgrestQueryBuilder<...>', gave the following error.
    Argument of type '"library_comments"' is not assignable to parameter of type '"app_bootstrap" | "appointment_calendar_sync" | "appointments" | "appointment_events" | "service_catalog" | "customers" | "mentorships" | "orders" | "audit_logs" | "business_projects" | ... 14 more ... | "user_roles"'.
  Overload 2 of 2, '(relation: never): PostgrestQueryBuilder<{ PostgrestVersion: "14.15"; }, { Tables: { app_bootstrap: { Row: { completed: boolean; completed_at: string | null; id: boolean; }; Insert: { completed?: boolean; completed_at?: string | null; id?: boolean; }; Update: { ...; }; Relationships: []; }; ... 23 more ...; user_roles: { ...; }; }; Views: {}; Functions: { ...; }; Enums: { ...; }; CompositeTypes: {}; }, never, never, never>', gave the following error.
    Argument of type '"library_comments"' is not assignable to parameter of type 'never'.
src/lib/learning.server.ts(81,78): error TS2345: Argument of type '"id"' is not assignable to parameter of type 'never'.
src/lib/learning.server.ts(89,46): error TS2769: No overload matches this call.
  Overload 1 of 2, '(relation: "app_bootstrap" | "appointment_calendar_sync" | "appointments" | "appointment_events" | "service_catalog" | "customers" | "mentorships" | "orders" | "audit_logs" | "business_projects" | ... 14 more ... | "user_roles"): PostgrestQueryBuilder<...>', gave the following error.
    Argument of type '"library_progress"' is not assignable to parameter of type '"app_bootstrap" | "appointment_calendar_sync" | "appointments" | "appointment_events" | "service_catalog" | "customers" | "mentorships" | "orders" | "audit_logs" | "business_projects" | ... 14 more ... | "user_roles"'.
  Overload 2 of 2, '(relation: never): PostgrestQueryBuilder<{ PostgrestVersion: "14.15"; }, { Tables: { app_bootstrap: { Row: { completed: boolean; completed_at: string | null; id: boolean; }; Insert: { completed?: boolean; completed_at?: string | null; id?: boolean; }; Update: { ...; }; Relationships: []; }; ... 23 more ...; user_roles: { ...; }; }; Views: {}; Functions: { ...; }; Enums: { ...; }; CompositeTypes: {}; }, never, never, never>', gave the following error.
    Argument of type '"library_progress"' is not assignable to parameter of type 'never'.
src/lib/learning.server.ts(89,75): error TS2322: Type 'string' is not assignable to type 'never'.
src/lib/learning.server.ts(89,101): error TS2322: Type 'string' is not assignable to type 'never'.
src/lib/learning.server.ts(89,132): error TS2322: Type 'number' is not assignable to type 'never'.
src/lib/learning.server.ts(89,155): error TS2322: Type 'string | null' is not assignable to type 'never'.
  Type 'null' is not assignable to type 'never'.
src/lib/learning.server.ts(89,204): error TS2322: Type 'string' is not assignable to type 'never'.
src/lib/learning.server.ts(97,24): error TS2769: No overload matches this call.
  Overload 1 of 2, '(relation: "app_bootstrap" | "appointment_calendar_sync" | "appointments" | "appointment_events" | "service_catalog" | "customers" | "mentorships" | "orders" | "audit_logs" | "business_projects" | ... 14 more ... | "user_roles"): PostgrestQueryBuilder<...>', gave the following error.
    Argument of type '"training_programs"' is not assignable to parameter of type '"app_bootstrap" | "appointment_calendar_sync" | "appointments" | "appointment_events" | "service_catalog" | "customers" | "mentorships" | "orders" | "audit_logs" | "business_projects" | ... 14 more ... | "user_roles"'.
  Overload 2 of 2, '(relation: never): PostgrestQueryBuilder<{ PostgrestVersion: "14.15"; }, { Tables: { app_bootstrap: { Row: { completed: boolean; completed_at: string | null; id: boolean; }; Insert: { completed?: boolean; completed_at?: string | null; id?: boolean; }; Update: { ...; }; Relationships: []; }; ... 23 more ...; user_roles: { ...; }; }; Views: {}; Functions: { ...; }; Enums: { ...; }; CompositeTypes: {}; }, never, never, never>', gave the following error.
    Argument of type '"training_programs"' is not assignable to parameter of type 'never'.
src/lib/learning.server.ts(98,24): error TS2769: No overload matches this call.
  Overload 1 of 2, '(relation: "app_bootstrap" | "appointment_calendar_sync" | "appointments" | "appointment_events" | "service_catalog" | "customers" | "mentorships" | "orders" | "audit_logs" | "business_projects" | ... 14 more ... | "user_roles"): PostgrestQueryBuilder<...>', gave the following error.
    Argument of type '"training_modules"' is not assignable to parameter of type '"app_bootstrap" | "appointment_calendar_sync" | "appointments" | "appointment_events" | "service_catalog" | "customers" | "mentorships" | "orders" | "audit_logs" | "business_projects" | ... 14 more ... | "user_roles"'.
  Overload 2 of 2, '(relation: never): PostgrestQueryBuilder<{ PostgrestVersion: "14.15"; }, { Tables: { app_bootstrap: { Row: { completed: boolean; completed_at: string | null; id: boolean; }; Insert: { completed?: boolean; completed_at?: string | null; id?: boolean; }; Update: { ...; }; Relationships: []; }; ... 23 more ...; user_roles: { ...; }; }; Views: {}; Functions: { ...; }; Enums: { ...; }; CompositeTypes: {}; }, never, never, never>', gave the following error.
    Argument of type '"training_modules"' is not assignable to parameter of type 'never'.
src/lib/learning.server.ts(99,24): error TS2769: No overload matches this call.
  Overload 1 of 2, '(relation: "app_bootstrap" | "appointment_calendar_sync" | "appointments" | "appointment_events" | "service_catalog" | "customers" | "mentorships" | "orders" | "audit_logs" | "business_projects" | ... 14 more ... | "user_roles"): PostgrestQueryBuilder<...>', gave the following error.
    Argument of type '"training_materials"' is not assignable to parameter of type '"app_bootstrap" | "appointment_calendar_sync" | "appointments" | "appointment_events" | "service_catalog" | "customers" | "mentorships" | "orders" | "audit_logs" | "business_projects" | ... 14 more ... | "user_roles"'.
  Overload 2 of 2, '(relation: never): PostgrestQueryBuilder<{ PostgrestVersion: "14.15"; }, { Tables: { app_bootstrap: { Row: { completed: boolean; completed_at: string | null; id: boolean; }; Insert: { completed?: boolean; completed_at?: string | null; id?: boolean; }; Update: { ...; }; Relationships: []; }; ... 23 more ...; user_roles: { ...; }; }; Views: {}; Functions: { ...; }; Enums: { ...; }; CompositeTypes: {}; }, never, never, never>', gave the following error.
    Argument of type '"training_materials"' is not assignable to parameter of type 'never'.
src/lib/learning.server.ts(100,24): error TS2769: No overload matches this call.
  Overload 1 of 2, '(relation: "app_bootstrap" | "appointment_calendar_sync" | "appointments" | "appointment_events" | "service_catalog" | "customers" | "mentorships" | "orders" | "audit_logs" | "business_projects" | ... 14 more ... | "user_roles"): PostgrestQueryBuilder<...>', gave the following error.
    Argument of type '"training_live_sessions"' is not assignable to parameter of type '"app_bootstrap" | "appointment_calendar_sync" | "appointments" | "appointment_events" | "service_catalog" | "customers" | "mentorships" | "orders" | "audit_logs" | "business_projects" | ... 14 more ... | "user_roles"'.
  Overload 2 of 2, '(relation: never): PostgrestQueryBuilder<{ PostgrestVersion: "14.15"; }, { Tables: { app_bootstrap: { Row: { completed: boolean; completed_at: string | null; id: boolean; }; Insert: { completed?: boolean; completed_at?: string | null; id?: boolean; }; Update: { ...; }; Relationships: []; }; ... 23 more ...; user_roles: { ...; }; }; Views: {}; Functions: { ...; }; Enums: { ...; }; CompositeTypes: {}; }, never, never, never>', gave the following error.
    Argument of type '"training_live_sessions"' is not assignable to parameter of type 'never'.
src/lib/learning.server.ts(101,24): error TS2769: No overload matches this call.
  Overload 1 of 2, '(relation: "app_bootstrap" | "appointment_calendar_sync" | "appointments" | "appointment_events" | "service_catalog" | "customers" | "mentorships" | "orders" | "audit_logs" | "business_projects" | ... 14 more ... | "user_roles"): PostgrestQueryBuilder<...>', gave the following error.
    Argument of type '"training_announcements"' is not assignable to parameter of type '"app_bootstrap" | "appointment_calendar_sync" | "appointments" | "appointment_events" | "service_catalog" | "customers" | "mentorships" | "orders" | "audit_logs" | "business_projects" | ... 14 more ... | "user_roles"'.
  Overload 2 of 2, '(relation: never): PostgrestQueryBuilder<{ PostgrestVersion: "14.15"; }, { Tables: { app_bootstrap: { Row: { completed: boolean; completed_at: string | null; id: boolean; }; Insert: { completed?: boolean; completed_at?: string | null; id?: boolean; }; Update: { ...; }; Relationships: []; }; ... 23 more ...; user_roles: { ...; }; }; Views: {}; Functions: { ...; }; Enums: { ...; }; CompositeTypes: {}; }, never, never, never>', gave the following error.
    Argument of type '"training_announcements"' is not assignable to parameter of type 'never'.
src/lib/learning.server.ts(102,24): error TS2769: No overload matches this call.
  Overload 1 of 2, '(relation: "app_bootstrap" | "appointment_calendar_sync" | "appointments" | "appointment_events" | "service_catalog" | "customers" | "mentorships" | "orders" | "audit_logs" | "business_projects" | ... 14 more ... | "user_roles"): PostgrestQueryBuilder<...>', gave the following error.
    Argument of type '"library_comments"' is not assignable to parameter of type '"app_bootstrap" | "appointment_calendar_sync" | "appointments" | "appointment_events" | "service_catalog" | "customers" | "mentorships" | "orders" | "audit_logs" | "business_projects" | ... 14 more ... | "user_roles"'.
  Overload 2 of 2, '(relation: never): PostgrestQueryBuilder<{ PostgrestVersion: "14.15"; }, { Tables: { app_bootstrap: { Row: { completed: boolean; completed_at: string | null; id: boolean; }; Insert: { completed?: boolean; completed_at?: string | null; id?: boolean; }; Update: { ...; }; Relationships: []; }; ... 23 more ...; user_roles: { ...; }; }; Views: {}; Functions: { ...; }; Enums: { ...; }; CompositeTypes: {}; }, never, never, never>', gave the following error.
    Argument of type '"library_comments"' is not assignable to parameter of type 'never'.
src/lib/learning.server.ts(103,24): error TS2769: No overload matches this call.
  Overload 1 of 2, '(relation: "app_bootstrap" | "appointment_calendar_sync" | "appointments" | "appointment_events" | "service_catalog" | "customers" | "mentorships" | "orders" | "audit_logs" | "business_projects" | ... 14 more ... | "user_roles"): PostgrestQueryBuilder<...>', gave the following error.
    Argument of type '"training_enrollments"' is not assignable to parameter of type '"app_bootstrap" | "appointment_calendar_sync" | "appointments" | "appointment_events" | "service_catalog" | "customers" | "mentorships" | "orders" | "audit_logs" | "business_projects" | ... 14 more ... | "user_roles"'.
  Overload 2 of 2, '(relation: never): PostgrestQueryBuilder<{ PostgrestVersion: "14.15"; }, { Tables: { app_bootstrap: { Row: { completed: boolean; completed_at: string | null; id: boolean; }; Insert: { completed?: boolean; completed_at?: string | null; id?: boolean; }; Update: { ...; }; Relationships: []; }; ... 23 more ...; user_roles: { ...; }; }; Views: {}; Functions: { ...; }; Enums: { ...; }; CompositeTypes: {}; }, never, never, never>', gave the following error.
    Argument of type '"training_enrollments"' is not assignable to parameter of type 'never'.
src/lib/learning.server.ts(104,24): error TS2769: No overload matches this call.
  Overload 1 of 2, '(relation: "app_bootstrap" | "appointment_calendar_sync" | "appointments" | "appointment_events" | "service_catalog" | "customers" | "mentorships" | "orders" | "audit_logs" | "business_projects" | ... 14 more ... | "user_roles"): PostgrestQueryBuilder<...>', gave the following error.
    Argument of type '"training_project_submissions"' is not assignable to parameter of type '"app_bootstrap" | "appointment_calendar_sync" | "appointments" | "appointment_events" | "service_catalog" | "customers" | "mentorships" | "orders" | "audit_logs" | "business_projects" | ... 14 more ... | "user_roles"'.
  Overload 2 of 2, '(relation: never): PostgrestQueryBuilder<{ PostgrestVersion: "14.15"; }, { Tables: { app_bootstrap: { Row: { completed: boolean; completed_at: string | null; id: boolean; }; Insert: { completed?: boolean; completed_at?: string | null; id?: boolean; }; Update: { ...; }; Relationships: []; }; ... 23 more ...; user_roles: { ...; }; }; Views: {}; Functions: { ...; }; Enums: { ...; }; CompositeTypes: {}; }, never, never, never>', gave the following error.
    Argument of type '"training_project_submissions"' is not assignable to parameter of type 'never'.
src/lib/learning.server.ts(105,24): error TS2769: No overload matches this call.
  Overload 1 of 2, '(relation: "app_bootstrap" | "appointment_calendar_sync" | "appointments" | "appointment_events" | "service_catalog" | "customers" | "mentorships" | "orders" | "audit_logs" | "business_projects" | ... 14 more ... | "user_roles"): PostgrestQueryBuilder<...>', gave the following error.
    Argument of type '"training_cohorts"' is not assignable to parameter of type '"app_bootstrap" | "appointment_calendar_sync" | "appointments" | "appointment_events" | "service_catalog" | "customers" | "mentorships" | "orders" | "audit_logs" | "business_projects" | ... 14 more ... | "user_roles"'.
  Overload 2 of 2, '(relation: never): PostgrestQueryBuilder<{ PostgrestVersion: "14.15"; }, { Tables: { app_bootstrap: { Row: { completed: boolean; completed_at: string | null; id: boolean; }; Insert: { completed?: boolean; completed_at?: string | null; id?: boolean; }; Update: { ...; }; Relationships: []; }; ... 23 more ...; user_roles: { ...; }; }; Views: {}; Functions: { ...; }; Enums: { ...; }; CompositeTypes: {}; }, never, never, never>', gave the following error.
    Argument of type '"training_cohorts"' is not assignable to parameter of type 'never'.
src/lib/learning.server.ts(115,53): error TS2769: No overload matches this call.
  Overload 1 of 2, '(relation: "app_bootstrap" | "appointment_calendar_sync" | "appointments" | "appointment_events" | "service_catalog" | "customers" | "mentorships" | "orders" | "audit_logs" | "business_projects" | ... 14 more ... | "user_roles"): PostgrestQueryBuilder<...>', gave the following error.
    Argument of type '"library_comments"' is not assignable to parameter of type '"app_bootstrap" | "appointment_calendar_sync" | "appointments" | "appointment_events" | "service_catalog" | "customers" | "mentorships" | "orders" | "audit_logs" | "business_projects" | ... 14 more ... | "user_roles"'.
  Overload 2 of 2, '(relation: never): PostgrestQueryBuilder<{ PostgrestVersion: "14.15"; }, { Tables: { app_bootstrap: { Row: { completed: boolean; completed_at: string | null; id: boolean; }; Insert: { completed?: boolean; completed_at?: string | null; id?: boolean; }; Update: { ...; }; Relationships: []; }; ... 23 more ...; user_roles: { ...; }; }; Views: {}; Functions: { ...; }; Enums: { ...; }; CompositeTypes: {}; }, never, never, never>', gave the following error.
    Argument of type '"library_comments"' is not assignable to parameter of type 'never'.
src/lib/learning.server.ts(115,122): error TS2345: Argument of type '"id"' is not assignable to parameter of type 'never'.
src/lib/learning.server.ts(118,46): error TS2769: No overload matches this call.
  Overload 1 of 2, '(relation: "app_bootstrap" | "appointment_calendar_sync" | "appointments" | "appointment_events" | "service_catalog" | "customers" | "mentorships" | "orders" | "audit_logs" | "business_projects" | ... 14 more ... | "user_roles"): PostgrestQueryBuilder<...>', gave the following error.
    Argument of type '"library_comments"' is not assignable to parameter of type '"app_bootstrap" | "appointment_calendar_sync" | "appointments" | "appointment_events" | "service_catalog" | "customers" | "mentorships" | "orders" | "audit_logs" | "business_projects" | ... 14 more ... | "user_roles"'.
  Overload 2 of 2, '(relation: never): PostgrestQueryBuilder<{ PostgrestVersion: "14.15"; }, { Tables: { app_bootstrap: { Row: { completed: boolean; completed_at: string | null; id: boolean; }; Insert: { completed?: boolean; completed_at?: string | null; id?: boolean; }; Update: { ...; }; Relationships: []; }; ... 23 more ...; user_roles: { ...; }; }; Views: {}; Functions: { ...; }; Enums: { ...; }; CompositeTypes: {}; }, never, never, never>', gave the following error.
    Argument of type '"library_comments"' is not assignable to parameter of type 'never'.
src/lib/learning.server.ts(118,75): error TS2322: Type 'any' is not assignable to type 'never'.
src/lib/learning.server.ts(118,95): error TS2339: Property 'customer_id' does not exist on type 'SelectQueryError<"column 'customer_id' does not exist on 'app_bootstrap'."> | SelectQueryError<"column 'customer_id' does not exist on 'appointment_calendar_sync'."> | ... 22 more ... | SelectQueryError<...>'.
  Property 'customer_id' does not exist on type 'SelectQueryError<"column 'customer_id' does not exist on 'app_bootstrap'.">'.
src/lib/learning.server.ts(118,108): error TS2322: Type 'any' is not assignable to type 'never'.
src/lib/learning.server.ts(118,128): error TS2339: Property 'product_key' does not exist on type 'SelectQueryError<"column 'customer_id' does not exist on 'app_bootstrap'."> | SelectQueryError<"column 'customer_id' does not exist on 'appointment_calendar_sync'."> | ... 22 more ... | SelectQueryError<...>'.
  Property 'product_key' does not exist on type 'SelectQueryError<"column 'customer_id' does not exist on 'app_bootstrap'.">'.
src/lib/learning.server.ts(118,141): error TS2322: Type 'any' is not assignable to type 'never'.
src/lib/learning.server.ts(118,161): error TS2339: Property 'training_id' does not exist on type 'SelectQueryError<"column 'customer_id' does not exist on 'app_bootstrap'."> | SelectQueryError<"column 'customer_id' does not exist on 'appointment_calendar_sync'."> | ... 22 more ... | SelectQueryError<...>'.
  Property 'training_id' does not exist on type 'SelectQueryError<"column 'customer_id' does not exist on 'app_bootstrap'.">'.
src/lib/learning.server.ts(118,174): error TS2322: Type 'string' is not assignable to type 'never'.
src/lib/learning.server.ts(118,202): error TS2322: Type 'string' is not assignable to type 'never'.
src/lib/learning.server.ts(118,226): error TS2322: Type 'string' is not assignable to type 'never'.
src/lib/learning.server.ts(118,255): error TS2322: Type 'string' is not assignable to type 'never'.
src/lib/learning.server.ts(118,331): error TS2322: Type 'string' is not assignable to type 'never'.
src/lib/learning.server.ts(118,337): error TS2322: Type 'string' is not assignable to type 'never'.
src/lib/learning.server.ts(120,28): error TS2769: No overload matches this call.
  Overload 1 of 2, '(relation: "app_bootstrap" | "appointment_calendar_sync" | "appointments" | "appointment_events" | "service_catalog" | "customers" | "mentorships" | "orders" | "audit_logs" | "business_projects" | ... 14 more ... | "user_roles"): PostgrestQueryBuilder<...>', gave the following error.
    Argument of type '"library_comments"' is not assignable to parameter of type '"app_bootstrap" | "appointment_calendar_sync" | "appointments" | "appointment_events" | "service_catalog" | "customers" | "mentorships" | "orders" | "audit_logs" | "business_projects" | ... 14 more ... | "user_roles"'.
  Overload 2 of 2, '(relation: never): PostgrestQueryBuilder<{ PostgrestVersion: "14.15"; }, { Tables: { app_bootstrap: { Row: { completed: boolean; completed_at: string | null; id: boolean; }; Insert: { completed?: boolean; completed_at?: string | null; id?: boolean; }; Update: { ...; }; Relationships: []; }; ... 23 more ...; user_roles: { ...; }; }; Views: {}; Functions: { ...; }; Enums: { ...; }; CompositeTypes: {}; }, never, never, never>', gave the following error.
    Argument of type '"library_comments"' is not assignable to parameter of type 'never'.
src/lib/learning.server.ts(120,57): error TS2322: Type 'string' is not assignable to type 'never'.
src/lib/learning.server.ts(120,77): error TS2322: Type 'string' is not assignable to type 'never'.
src/lib/learning.server.ts(120,120): error TS2345: Argument of type '"id"' is not assignable to parameter of type 'never'.
src/lib/learning.server.ts(128,57): error TS2769: No overload matches this call.
  Overload 1 of 2, '(relation: "app_bootstrap" | "appointment_calendar_sync" | "appointments" | "appointment_events" | "service_catalog" | "customers" | "mentorships" | "orders" | "audit_logs" | "business_projects" | ... 14 more ... | "user_roles"): PostgrestQueryBuilder<...>', gave the following error.
    Argument of type '"training_project_submissions"' is not assignable to parameter of type '"app_bootstrap" | "appointment_calendar_sync" | "appointments" | "appointment_events" | "service_catalog" | "customers" | "mentorships" | "orders" | "audit_logs" | "business_projects" | ... 14 more ... | "user_roles"'.
  Overload 2 of 2, '(relation: never): PostgrestQueryBuilder<{ PostgrestVersion: "14.15"; }, { Tables: { app_bootstrap: { Row: { completed: boolean; completed_at: string | null; id: boolean; }; Insert: { completed?: boolean; completed_at?: string | null; id?: boolean; }; Update: { ...; }; Relationships: []; }; ... 23 more ...; user_roles: { ...; }; }; Views: {}; Functions: { ...; }; Enums: { ...; }; CompositeTypes: {}; }, never, never, never>', gave the following error.
    Argument of type '"training_project_submissions"' is not assignable to parameter of type 'never'.
src/lib/learning.server.ts(128,130): error TS2345: Argument of type '"id"' is not assignable to parameter of type 'never'.
src/lib/learning.server.ts(130,18): error TS2339: Property 'status' does not exist on type 'SelectQueryError<"column 'id' does not exist on 'app_bootstrap'."> | SelectQueryError<"column 'id' does not exist on 'appointment_calendar_sync'."> | ... 22 more ... | SelectQueryError<...>'.
  Property 'status' does not exist on type 'SelectQueryError<"column 'id' does not exist on 'app_bootstrap'.">'.
src/lib/learning.server.ts(130,55): error TS2339: Property 'status' does not exist on type 'SelectQueryError<"column 'id' does not exist on 'app_bootstrap'."> | SelectQueryError<"column 'id' does not exist on 'appointment_calendar_sync'."> | ... 22 more ... | SelectQueryError<...>'.
  Property 'status' does not exist on type 'SelectQueryError<"column 'id' does not exist on 'app_bootstrap'.">'.
src/lib/learning.server.ts(131,46): error TS2769: No overload matches this call.
  Overload 1 of 2, '(relation: "app_bootstrap" | "appointment_calendar_sync" | "appointments" | "appointment_events" | "service_catalog" | "customers" | "mentorships" | "orders" | "audit_logs" | "business_projects" | ... 14 more ... | "user_roles"): PostgrestQueryBuilder<...>', gave the following error.
    Argument of type '"training_project_submissions"' is not assignable to parameter of type '"app_bootstrap" | "appointment_calendar_sync" | "appointments" | "appointment_events" | "service_catalog" | "customers" | "mentorships" | "orders" | "audit_logs" | "business_projects" | ... 14 more ... | "user_roles"'.
  Overload 2 of 2, '(relation: never): PostgrestQueryBuilder<{ PostgrestVersion: "14.15"; }, { Tables: { app_bootstrap: { Row: { completed: boolean; completed_at: string | null; id: boolean; }; Insert: { completed?: boolean; completed_at?: string | null; id?: boolean; }; Update: { ...; }; Relationships: []; }; ... 23 more ...; user_roles: { ...; }; }; Views: {}; Functions: { ...; }; Enums: { ...; }; CompositeTypes: {}; }, never, never, never>', gave the following error.
    Argument of type '"training_project_submissions"' is not assignable to parameter of type 'never'.
src/lib/learning.server.ts(131,87): error TS2322: Type '"approved" | "changes_requested"' is not assignable to type 'never'.
  Type '"approved"' is not assignable to type 'never'.
src/lib/learning.server.ts(131,111): error TS2322: Type 'string' is not assignable to type 'never'.
src/lib/learning.server.ts(131,121): error TS2322: Type 'string' is not assignable to type 'never'.
src/lib/learning.server.ts(131,160): error TS2322: Type 'string' is not assignable to type 'never'.
src/lib/learning.server.ts(131,185): error TS2345: Argument of type '"id"' is not assignable to parameter of type 'never'.
src/lib/learning.server.ts(133,82): error TS2339: Property 'submission_number' does not exist on type 'SelectQueryError<"column 'id' does not exist on 'app_bootstrap'."> | SelectQueryError<"column 'id' does not exist on 'appointment_calendar_sync'."> | ... 22 more ... | SelectQueryError<...>'.
  Property 'submission_number' does not exist on type 'SelectQueryError<"column 'id' does not exist on 'app_bootstrap'.">'.
src/lib/learning.server.ts(138,46): error TS2769: No overload matches this call.
  Overload 1 of 2, '(relation: "app_bootstrap" | "appointment_calendar_sync" | "appointments" | "appointment_events" | "service_catalog" | "customers" | "mentorships" | "orders" | "audit_logs" | "business_projects" | ... 14 more ... | "user_roles"): PostgrestQueryBuilder<...>', gave the following error.
    Argument of type '"library_comments"' is not assignable to parameter of type '"app_bootstrap" | "appointment_calendar_sync" | "appointments" | "appointment_events" | "service_catalog" | "customers" | "mentorships" | "orders" | "audit_logs" | "business_projects" | ... 14 more ... | "user_roles"'.
  Overload 2 of 2, '(relation: never): PostgrestQueryBuilder<{ PostgrestVersion: "14.15"; }, { Tables: { app_bootstrap: { Row: { completed: boolean; completed_at: string | null; id: boolean; }; Insert: { completed?: boolean; completed_at?: string | null; id?: boolean; }; Update: { ...; }; Relationships: []; }; ... 23 more ...; user_roles: { ...; }; }; Views: {}; Functions: { ...; }; Enums: { ...; }; CompositeTypes: {}; }, never, never, never>', gave the following error.
    Argument of type '"library_comments"' is not assignable to parameter of type 'never'.
src/lib/learning.server.ts(138,78): error TS2345: Argument of type '"id"' is not assignable to parameter of type 'never'.
src/lib/learning.server.ts(145,46): error TS2769: No overload matches this call.
  Overload 1 of 2, '(relation: "app_bootstrap" | "appointment_calendar_sync" | "appointments" | "appointment_events" | "service_catalog" | "customers" | "mentorships" | "orders" | "audit_logs" | "business_projects" | ... 14 more ... | "user_roles"): PostgrestQueryBuilder<...>', gave the following error.
    Argument of type '"platform_settings"' is not assignable to parameter of type '"app_bootstrap" | "appointment_calendar_sync" | "appointments" | "appointment_events" | "service_catalog" | "customers" | "mentorships" | "orders" | "audit_logs" | "business_projects" | ... 14 more ... | "user_roles"'.
  Overload 2 of 2, '(relation: never): PostgrestQueryBuilder<{ PostgrestVersion: "14.15"; }, { Tables: { app_bootstrap: { Row: { completed: boolean; completed_at: string | null; id: boolean; }; Insert: { completed?: boolean; completed_at?: string | null; id?: boolean; }; Update: { ...; }; Relationships: []; }; ... 23 more ...; user_roles: { ...; }; }; Views: {}; Functions: { ...; }; Enums: { ...; }; CompositeTypes: {}; }, never, never, never>', gave the following error.
    Argument of type '"platform_settings"' is not assignable to parameter of type 'never'.
src/lib/learning.server.ts(145,76): error TS2322: Type 'string' is not assignable to type 'never'.
src/lib/learning.server.ts(145,114): error TS2322: Type 'boolean' is not assignable to type 'never'.
src/lib/learning.server.ts(145,136): error TS2322: Type 'string' is not assignable to type 'never'.
src/lib/learning.server.ts(152,52): error TS2769: No overload matches this call.
  Overload 1 of 2, '(relation: "app_bootstrap" | "appointment_calendar_sync" | "appointments" | "appointment_events" | "service_catalog" | "customers" | "mentorships" | "orders" | "audit_logs" | "business_projects" | ... 14 more ... | "user_roles"): PostgrestQueryBuilder<...>', gave the following error.
    Argument of type '"training_programs"' is not assignable to parameter of type '"app_bootstrap" | "appointment_calendar_sync" | "appointments" | "appointment_events" | "service_catalog" | "customers" | "mentorships" | "orders" | "audit_logs" | "business_projects" | ... 14 more ... | "user_roles"'.
  Overload 2 of 2, '(relation: never): PostgrestQueryBuilder<{ PostgrestVersion: "14.15"; }, { Tables: { app_bootstrap: { Row: { completed: boolean; completed_at: string | null; id: boolean; }; Insert: { completed?: boolean; completed_at?: string | null; id?: boolean; }; Update: { ...; }; Relationships: []; }; ... 23 more ...; user_roles: { ...; }; }; Views: {}; Functions: { ...; }; Enums: { ...; }; CompositeTypes: {}; }, never, never, never>', gave the following error.
    Argument of type '"training_programs"' is not assignable to parameter of type 'never'.
src/lib/learning.server.ts(152,82): error TS2322: Type 'string' is not assignable to type 'never'.
src/lib/learning.server.ts(152,109): error TS2322: Type 'string | null' is not assignable to type 'never'.
  Type 'null' is not assignable to type 'never'.
src/lib/learning.server.ts(152,157): error TS2322: Type 'string' is not assignable to type 'never'.
src/lib/learning.server.ts(152,182): error TS2322: Type 'string' is not assignable to type 'never'.
src/lib/learning.server.ts(161,70): error TS2769: No overload matches this call.
  Overload 1 of 2, '(relation: "app_bootstrap" | "appointment_calendar_sync" | "appointments" | "appointment_events" | "service_catalog" | "customers" | "mentorships" | "orders" | "audit_logs" | "business_projects" | ... 14 more ... | "user_roles"): PostgrestQueryBuilder<...>', gave the following error.
    Argument of type '"training_modules"' is not assignable to parameter of type '"app_bootstrap" | "appointment_calendar_sync" | "appointments" | "appointment_events" | "service_catalog" | "customers" | "mentorships" | "orders" | "audit_logs" | "business_projects" | ... 14 more ... | "user_roles"'.
  Overload 2 of 2, '(relation: never): PostgrestQueryBuilder<{ PostgrestVersion: "14.15"; }, { Tables: { app_bootstrap: { Row: { completed: boolean; completed_at: string | null; id: boolean; }; Insert: { completed?: boolean; completed_at?: string | null; id?: boolean; }; Update: { ...; }; Relationships: []; }; ... 23 more ...; user_roles: { ...; }; }; Views: {}; Functions: { ...; }; Enums: { ...; }; CompositeTypes: {}; }, never, never, never>', gave the following error.
    Argument of type '"training_modules"' is not assignable to parameter of type 'never'.
src/lib/learning.server.ts(161,110): error TS2322: Type 'true' is not assignable to type 'never'.
src/lib/learning.server.ts(162,72): error TS2769: No overload matches this call.
  Overload 1 of 2, '(relation: "app_bootstrap" | "appointment_calendar_sync" | "appointments" | "appointment_events" | "service_catalog" | "customers" | "mentorships" | "orders" | "audit_logs" | "business_projects" | ... 14 more ... | "user_roles"): PostgrestQueryBuilder<...>', gave the following error.
    Argument of type '"training_materials"' is not assignable to parameter of type '"app_bootstrap" | "appointment_calendar_sync" | "appointments" | "appointment_events" | "service_catalog" | "customers" | "mentorships" | "orders" | "audit_logs" | "business_projects" | ... 14 more ... | "user_roles"'.
  Overload 2 of 2, '(relation: never): PostgrestQueryBuilder<{ PostgrestVersion: "14.15"; }, { Tables: { app_bootstrap: { Row: { completed: boolean; completed_at: string | null; id: boolean; }; Insert: { completed?: boolean; completed_at?: string | null; id?: boolean; }; Update: { ...; }; Relationships: []; }; ... 23 more ...; user_roles: { ...; }; }; Views: {}; Functions: { ...; }; Enums: { ...; }; CompositeTypes: {}; }, never, never, never>', gave the following error.
    Argument of type '"training_materials"' is not assignable to parameter of type 'never'.
src/lib/learning.server.ts(162,114): error TS2322: Type 'string | null' is not assignable to type 'never'.
  Type 'null' is not assignable to type 'never'.
src/lib/learning.server.ts(162,149): error TS2322: Type '"link" | "video" | "text" | "file" | "pdf"' is not assignable to type 'never'.
  Type '"link"' is not assignable to type 'never'.
src/lib/learning.server.ts(162,194): error TS2322: Type 'string | null' is not assignable to type 'never'.
  Type 'null' is not assignable to type 'never'.
src/lib/learning.server.ts(162,218): error TS2322: Type 'string | null' is not assignable to type 'never'.
  Type 'null' is not assignable to type 'never'.
src/lib/learning.server.ts(162,244): error TS2322: Type 'true' is not assignable to type 'never'.
src/lib/learning.server.ts(165,43): error TS2769: No overload matches this call.
  Overload 1 of 2, '(relation: "app_bootstrap" | "appointment_calendar_sync" | "appointments" | "appointment_events" | "service_catalog" | "customers" | "mentorships" | "orders" | "audit_logs" | "business_projects" | ... 14 more ... | "user_roles"): PostgrestQueryBuilder<...>', gave the following error.
    Argument of type '"training_live_sessions"' is not assignable to parameter of type '"app_bootstrap" | "appointment_calendar_sync" | "appointments" | "appointment_events" | "service_catalog" | "customers" | "mentorships" | "orders" | "audit_logs" | "business_projects" | ... 14 more ... | "user_roles"'.
  Overload 2 of 2, '(relation: never): PostgrestQueryBuilder<{ PostgrestVersion: "14.15"; }, { Tables: { app_bootstrap: { Row: { completed: boolean; completed_at: string | null; id: boolean; }; Insert: { completed?: boolean; completed_at?: string | null; id?: boolean; }; Update: { ...; }; Relationships: []; }; ... 23 more ...; user_roles: { ...; }; }; Views: {}; Functions: { ...; }; Enums: { ...; }; CompositeTypes: {}; }, never, never, never>', gave the following error.
    Argument of type '"training_live_sessions"' is not assignable to parameter of type 'never'.
src/lib/learning.server.ts(165,89): error TS2322: Type 'string' is not assignable to type 'never'.
src/lib/learning.server.ts(165,116): error TS2322: Type 'string | null' is not assignable to type 'never'.
  Type 'null' is not assignable to type 'never'.
src/lib/learning.server.ts(165,147): error TS2322: Type 'string | null' is not assignable to type 'never'.
  Type 'null' is not assignable to type 'never'.
src/lib/learning.server.ts(165,186): error TS2322: Type 'string | null' is not assignable to type 'never'.
  Type 'null' is not assignable to type 'never'.
src/lib/learning.server.ts(165,229): error TS2322: Type 'string | null' is not assignable to type 'never'.
  Type 'null' is not assignable to type 'never'.
src/lib/learning.server.ts(165,264): error TS2322: Type 'number | null' is not assignable to type 'never'.
  Type 'null' is not assignable to type 'never'.
src/lib/learning.server.ts(165,303): error TS2322: Type 'number | null' is not assignable to type 'never'.
  Type 'null' is not assignable to type 'never'.
src/lib/learning.server.ts(165,346): error TS2322: Type 'true' is not assignable to type 'never'.
src/lib/learning.server.ts(167,76): error TS2769: No overload matches this call.
  Overload 1 of 2, '(relation: "app_bootstrap" | "appointment_calendar_sync" | "appointments" | "appointment_events" | "service_catalog" | "customers" | "mentorships" | "orders" | "audit_logs" | "business_projects" | ... 14 more ... | "user_roles"): PostgrestQueryBuilder<...>', gave the following error.
    Argument of type '"training_announcements"' is not assignable to parameter of type '"app_bootstrap" | "appointment_calendar_sync" | "appointments" | "appointment_events" | "service_catalog" | "customers" | "mentorships" | "orders" | "audit_logs" | "business_projects" | ... 14 more ... | "user_roles"'.
  Overload 2 of 2, '(relation: never): PostgrestQueryBuilder<{ PostgrestVersion: "14.15"; }, { Tables: { app_bootstrap: { Row: { completed: boolean; completed_at: string | null; id: boolean; }; Insert: { completed?: boolean; completed_at?: string | null; id?: boolean; }; Update: { ...; }; Relationships: []; }; ... 23 more ...; user_roles: { ...; }; }; Views: {}; Functions: { ...; }; Enums: { ...; }; CompositeTypes: {}; }, never, never, never>', gave the following error.
    Argument of type '"training_announcements"' is not assignable to parameter of type 'never'.
src/lib/learning.server.ts(167,111): error TS2322: Type 'string' is not assignable to type 'never'.
src/lib/learning.server.ts(167,142): error TS2322: Type 'string' is not assignable to type 'never'.
src/lib/learning.server.ts(167,169): error TS2322: Type 'string' is not assignable to type 'never'.
src/lib/learning.server.ts(167,230): error TS2322: Type 'true' is not assignable to type 'never'.
src/lib/library-subscription.server.ts(58,73): error TS4111: Property 'CLIENT_PANEL_URL' comes from an index signature, so it must be accessed with ['CLIENT_PANEL_URL'].
src/lib/library-subscription.server.ts(62,30): error TS4111: Property 'STRIPE_SECRET_KEY' comes from an index signature, so it must be accessed with ['STRIPE_SECRET_KEY'].
src/lib/library-subscription.server.ts(105,14): error TS4111: Property 'source' comes from an index signature, so it must be accessed with ['source'].
src/lib/library-subscription.server.ts(105,56): error TS4111: Property 'library_subscription_id' comes from an index signature, so it must be accessed with ['library_subscription_id'].
src/lib/library-subscription.server.ts(155,30): error TS4111: Property 'STRIPE_SECRET_KEY' comes from an index signature, so it must be accessed with ['STRIPE_SECRET_KEY'].
src/lib/library-subscription.server.ts(203,30): error TS4111: Property 'STRIPE_SECRET_KEY' comes from an index signature, so it must be accessed with ['STRIPE_SECRET_KEY'].
src/lib/library-subscription.server.ts(227,101): error TS4111: Property 'stripe_checkout_session_id' comes from an index signature, so it must be accessed with ['stripe_checkout_session_id'].
src/lib/library-subscription.server.ts(228,20): error TS4111: Property 'stripe_subscription_id' comes from an index signature, so it must be accessed with ['stripe_subscription_id'].
src/lib/library-subscription.server.ts(229,67): error TS4111: Property 'stripe_customer_id' comes from an index signature, so it must be accessed with ['stripe_customer_id'].
src/lib/library-subscription.server.ts(230,76): error TS4111: Property 'current_period_start' comes from an index signature, so it must be accessed with ['current_period_start'].
src/lib/library-subscription.server.ts(231,70): error TS4111: Property 'current_period_end' comes from an index signature, so it must be accessed with ['current_period_end'].
src/lib/library-subscription.server.ts(232,63): error TS4111: Property 'cancel_at_period_end' comes from an index signature, so it must be accessed with ['cancel_at_period_end'].
src/lib/massotherapy-commerce.server.ts(11,68): error TS4111: Property 'CLIENT_PANEL_URL' comes from an index signature, so it must be accessed with ['CLIENT_PANEL_URL'].
src/lib/massotherapy-commerce.server.ts(13,94): error TS4111: Property 'product_key' comes from an index signature, so it must be accessed with ['product_key'].
src/lib/massotherapy-commerce.server.ts(13,119): error TS4111: Property 'product_key' comes from an index signature, so it must be accessed with ['product_key'].
src/lib/massotherapy-commerce.server.ts(21,981): error TS4111: Property 'STRIPE_SECRET_KEY' comes from an index signature, so it must be accessed with ['STRIPE_SECRET_KEY'].
src/lib/mentorship-commerce.server.ts(19,118): error TS4111: Property 'product_key' comes from an index signature, so it must be accessed with ['product_key'].
src/lib/mentorship-commerce.server.ts(19,150): error TS4111: Property 'product_key' comes from an index signature, so it must be accessed with ['product_key'].
src/lib/mentorship-commerce.server.ts(21,119): error TS4111: Property 'CLIENT_PANEL_URL' comes from an index signature, so it must be accessed with ['CLIENT_PANEL_URL'].
src/lib/mentorship-commerce.server.ts(43,483): error TS2551: Property 'full_name' does not exist on type 'ClientCustomer'. Did you mean 'fullName'?
src/lib/mentorship-commerce.server.ts(50,28): error TS4111: Property 'STRIPE_SECRET_KEY' comes from an index signature, so it must be accessed with ['STRIPE_SECRET_KEY'].
src/lib/organization-admin.functions.ts(63,49): error TS4111: Property 'email' comes from an index signature, so it must be accessed with ['email'].
src/lib/organization-admin.functions.ts(63,85): error TS4111: Property 'email' comes from an index signature, so it must be accessed with ['email'].
src/lib/owner-dashboard.server.ts(158,32): error TS4111: Property 'currency' comes from an index signature, so it must be accessed with ['currency'].
src/lib/owner-dashboard.server.ts(160,37): error TS4111: Property 'gross_amount_cents' comes from an index signature, so it must be accessed with ['gross_amount_cents'].
src/lib/owner-dashboard.server.ts(161,42): error TS4111: Property 'platform_fee_cents' comes from an index signature, so it must be accessed with ['platform_fee_cents'].
src/lib/owner-dashboard.server.ts(162,43): error TS4111: Property 'provider_net_cents' comes from an index signature, so it must be accessed with ['provider_net_cents'].
src/lib/owner-dashboard.server.ts(166,31): error TS4111: Property 'currency' comes from an index signature, so it must be accessed with ['currency'].
src/lib/owner-dashboard.server.ts(167,33): error TS4111: Property 'net_cents' comes from an index signature, so it must be accessed with ['net_cents'].
src/lib/owner-dashboard.server.ts(168,16): error TS4111: Property 'status' comes from an index signature, so it must be accessed with ['status'].
src/lib/owner-dashboard.server.ts(169,61): error TS4111: Property 'status' comes from an index signature, so it must be accessed with ['status'].
src/lib/owner-dashboard.server.ts(181,91): error TS4111: Property 'status' comes from an index signature, so it must be accessed with ['status'].
src/lib/personal-library.server.ts(82,11): error TS4111: Property 'title' comes from an index signature, so it must be accessed with ['title'].
src/lib/personal-library.server.ts(84,43): error TS4111: Property 'category' comes from an index signature, so it must be accessed with ['category'].
src/lib/personal-library.server.ts(85,41): error TS4111: Property 'author' comes from an index signature, so it must be accessed with ['author'].
src/lib/personal-library.server.ts(86,40): error TS4111: Property 'notes' comes from an index signature, so it must be accessed with ['notes'].
src/lib/professional-formations-lessons.ts(68,30): error TS2488: Type 'readonly ["vocabulário essencial e delimitação do campo", "construa um glossário comentado e diferencie conceitos que costumam ser confundidos"] | readonly ["origens, contexto e evolução do tema", "monte uma linha do tempo somente com marcos confirmados em fontes confiáveis"] | ... 58 more ... | undefined' must have a '[Symbol.iterator]()' method that returns an iterator.
src/lib/professional-formations-lessons.ts(70,56): error TS2345: Argument of type 'string | undefined' is not assignable to parameter of type 'string'.
  Type 'undefined' is not assignable to type 'string'.
src/lib/professional-formations-lessons.ts(72,166): error TS2345: Argument of type 'string | undefined' is not assignable to parameter of type 'string'.
  Type 'undefined' is not assignable to type 'string'.
src/lib/professional-formations.functions.ts(3,60): error TS4111: Property 'email' comes from an index signature, so it must be accessed with ['email'].
src/lib/professional-formations.functions.ts(3,79): error TS4111: Property 'email' comes from an index signature, so it must be accessed with ['email'].
src/lib/professional-formations.server.ts(9,59): error TS4111: Property 'CLIENT_PANEL_URL' comes from an index signature, so it must be accessed with ['CLIENT_PANEL_URL'].
src/lib/professional-formations.server.ts(16,1071): error TS4111: Property 'STRIPE_SECRET_KEY' comes from an index signature, so it must be accessed with ['STRIPE_SECRET_KEY'].
src/lib/professional-network-admin.functions.ts(47,72): error TS2379: Argument of type '{ profileId?: string; email?: string; displayName: string; professionalTitle: string; slug?: string; categoryId: string; countryCode: string; city?: string; languages?: string[]; onlineEnabled?: boolean; inPersonEnabled?: boolean; engagementModel: "subscription" | ... 1 more ... | "exempt"; commissionPercent?: numbe...' is not assignable to parameter of type 'AdminProfessionalInput' with 'exactOptionalPropertyTypes: true'. Consider adding 'undefined' to the types of the target's properties.
  Types of property 'engagementModel' are incompatible.
    Type '"subscription" | "commission" | "exempt"' is not assignable to type '"commission"'.
      Type '"subscription"' is not assignable to type '"commission"'.
src/lib/professional-network.server.ts(109,39): error TS4111: Property 'country_code' comes from an index signature, so it must be accessed with ['country_code'].
src/lib/professional-network.server.ts(110,36): error TS4111: Property 'preferred_currency' comes from an index signature, so it must be accessed with ['preferred_currency'].
src/lib/professional-network.server.ts(111,33): error TS4111: Property 'onboarding_completed' comes from an index signature, so it must be accessed with ['onboarding_completed'].
src/lib/professional-network.server.ts(111,75): error TS4111: Property 'status' comes from an index signature, so it must be accessed with ['status'].
src/lib/professional-orientation.server.ts(23,119): error TS4111: Property 'CLIENT_PANEL_URL' comes from an index signature, so it must be accessed with ['CLIENT_PANEL_URL'].
src/lib/professional-orientation.server.ts(38,33): error TS2339: Property 'country' does not exist on type 'ClientCustomer'.
src/lib/professional-orientation.server.ts(53,28): error TS4111: Property 'STRIPE_SECRET_KEY' comes from an index signature, so it must be accessed with ['STRIPE_SECRET_KEY'].
src/lib/professional-orientation.server.ts(69,28): error TS4111: Property 'STRIPE_SECRET_KEY' comes from an index signature, so it must be accessed with ['STRIPE_SECRET_KEY'].
src/lib/professional-social.server.ts(154,11): error TS4111: Property 'photo_url' comes from an index signature, so it must be accessed with ['photo_url'].
src/lib/professional-social.server.ts(159,11): error TS4111: Property 'intro_video_url' comes from an index signature, so it must be accessed with ['intro_video_url'].
src/lib/professional-social.server.ts(162,11): error TS4111: Property 'profile_headline' comes from an index signature, so it must be accessed with ['profile_headline'].
src/lib/professional-social.server.ts(164,11): error TS4111: Property 'lgbtq_self_identified' comes from an index signature, so it must be accessed with ['lgbtq_self_identified'].
src/lib/professional-social.server.ts(166,11): error TS4111: Property 'show_lgbtq_badge' comes from an index signature, so it must be accessed with ['show_lgbtq_badge'].
src/lib/professional-social.server.ts(168,11): error TS4111: Property 'operating_countries' comes from an index signature, so it must be accessed with ['operating_countries'].
src/lib/professional-social.server.ts(172,11): error TS4111: Property 'open_to_international_projects' comes from an index signature, so it must be accessed with ['open_to_international_projects'].
src/lib/professional-social.server.ts(174,11): error TS4111: Property 'open_to_partnerships' comes from an index signature, so it must be accessed with ['open_to_partnerships'].
src/lib/professional-social.server.ts(176,11): error TS4111: Property 'international_positioning' comes from an index signature, so it must be accessed with ['international_positioning'].
src/lib/professional-social.server.ts(178,11): error TS4111: Property 'show_passport_badge' comes from an index signature, so it must be accessed with ['show_passport_badge'].
src/lib/psychoanalysis-commerce.server.ts(22,118): error TS4111: Property 'product_key' comes from an index signature, so it must be accessed with ['product_key'].
src/lib/psychoanalysis-commerce.server.ts(22,150): error TS4111: Property 'product_key' comes from an index signature, so it must be accessed with ['product_key'].
src/lib/psychoanalysis-commerce.server.ts(24,119): error TS4111: Property 'CLIENT_PANEL_URL' comes from an index signature, so it must be accessed with ['CLIENT_PANEL_URL'].
src/lib/psychoanalysis-commerce.server.ts(99,800): error TS2551: Property 'full_name' does not exist on type 'ClientCustomer'. Did you mean 'fullName'?
src/lib/psychoanalysis-commerce.server.ts(106,28): error TS4111: Property 'STRIPE_SECRET_KEY' comes from an index signature, so it must be accessed with ['STRIPE_SECRET_KEY'].
src/lib/psychoanalyst-performance.functions.ts(3,60): error TS4111: Property 'email' comes from an index signature, so it must be accessed with ['email'].
src/lib/psychoanalyst-performance.functions.ts(3,79): error TS4111: Property 'email' comes from an index signature, so it must be accessed with ['email'].
src/lib/psychoanalyst-performance.server.ts(10,59): error TS4111: Property 'CLIENT_PANEL_URL' comes from an index signature, so it must be accessed with ['CLIENT_PANEL_URL'].
src/lib/psychoanalyst-performance.server.ts(29,1336): error TS4111: Property 'STRIPE_SECRET_KEY' comes from an index signature, so it must be accessed with ['STRIPE_SECRET_KEY'].
src/lib/seller.server.ts(50,54): error TS4111: Property 'service' comes from an index signature, so it must be accessed with ['service'].
src/lib/seller.server.ts(52,52): error TS18048: 'rate' is possibly 'undefined'.
src/lib/training-commerce.functions.ts(34,12): error TS2345: Argument of type '({ context }: ServerFnCtx<Register, "GET", readonly [FunctionMiddlewareAfterServer<{}, unknown, undefined, { supabase: SupabaseClient<Database, "public", "public", { Tables: { app_bootstrap: { Row: { completed: boolean; completed_at: string | null; id: boolean; }; Insert: { ...; }; Update: { ...; }; Relationships: [...' is not assignable to parameter of type 'ServerFn<Register, "GET", readonly [FunctionMiddlewareAfterServer<{}, unknown, undefined, { supabase: SupabaseClient<Database, "public", "public", { Tables: { app_bootstrap: { Row: { completed: boolean; completed_at: string | null; id: boolean; }; Insert: { ...; }; Update: { ...; }; Relationships: []; }; ... 23 more...'.
  Type 'Promise<{ html: ""; trainingState: Record<string, unknown>; state: Record<string, unknown>; trainingId: any; title: any; studentName: string; studentEmail: string | null; progressPercent: number; ... 21 more ...; extraProjectReviewEurCents: number; }>' is not assignable to type 'Promise<ValidateSerializableMapped<{ html: ""; trainingState: Record<string, unknown>; state: Record<string, unknown>; trainingId: any; title: any; studentName: string; studentEmail: string | null; progressPercent: number; ... 21 more ...; extraProjectReviewEurCents: number; }, RegisteredSerializableInput<...>>>'.
    Type '{ html: ""; trainingState: Record<string, unknown>; state: Record<string, unknown>; trainingId: any; title: any; studentName: string; studentEmail: string | null; progressPercent: number; ... 21 more ...; extraProjectReviewEurCents: number; }' is not assignable to type 'ValidateSerializableMapped<{ html: ""; trainingState: Record<string, unknown>; state: Record<string, unknown>; trainingId: any; title: any; studentName: string; studentEmail: string | null; progressPercent: number; ... 21 more ...; extraProjectReviewEurCents: number; }, RegisteredSerializableInput<...>>'.
      Types of property 'trainingState' are incompatible.
        Type 'Record<string, unknown>' is not assignable to type 'ValidateSerializableMapped<Record<string, unknown>, RegisteredSerializableInput<Register>>'.
          'string' index signatures are incompatible.
            Type 'unknown' is not assignable to type 'SerializationError<"Type may not be serializable">'.
src/lib/training-commerce.functions.ts(43,15): error TS2769: No overload matches this call.
  Overload 1 of 2, '(relation: "app_bootstrap" | "appointment_calendar_sync" | "appointments" | "appointment_events" | "service_catalog" | "customers" | "mentorships" | "orders" | "audit_logs" | "business_projects" | ... 14 more ... | "user_roles"): PostgrestQueryBuilder<...>', gave the following error.
    Argument of type '"training_state"' is not assignable to parameter of type '"app_bootstrap" | "appointment_calendar_sync" | "appointments" | "appointment_events" | "service_catalog" | "customers" | "mentorships" | "orders" | "audit_logs" | "business_projects" | ... 14 more ... | "user_roles"'.
  Overload 2 of 2, '(relation: never): PostgrestQueryBuilder<{ PostgrestVersion: "14.15"; }, { Tables: { app_bootstrap: { Row: { completed: boolean; completed_at: string | null; id: boolean; }; Insert: { completed?: boolean; completed_at?: string | null; id?: boolean; }; Update: { ...; }; Relationships: []; }; ... 23 more ...; user_roles: { ...; }; }; Views: {}; Functions: { ...; }; Enums: { ...; }; CompositeTypes: {}; }, never, never, never>', gave the following error.
    Argument of type '"training_state"' is not assignable to parameter of type 'never'.
src/lib/training-commerce.functions.ts(45,13): error TS2345: Argument of type '"training_id"' is not assignable to parameter of type 'never'.
src/lib/training-commerce.functions.ts(46,13): error TS2345: Argument of type '"customer_id"' is not assignable to parameter of type 'never'.
src/lib/training-commerce.functions.ts(48,17): error TS2339: Property 'state' does not exist on type 'SelectQueryError<"column 'state' does not exist on 'app_bootstrap'."> | SelectQueryError<"column 'state' does not exist on 'appointment_calendar_sync'."> | ... 22 more ... | SelectQueryError<...>'.
  Property 'state' does not exist on type 'SelectQueryError<"column 'state' does not exist on 'app_bootstrap'.">'.
src/lib/training-commerce.functions.ts(48,38): error TS2339: Property 'state' does not exist on type 'SelectQueryError<"column 'state' does not exist on 'app_bootstrap'."> | SelectQueryError<"column 'state' does not exist on 'appointment_calendar_sync'."> | ... 22 more ... | SelectQueryError<...>'.
  Property 'state' does not exist on type 'SelectQueryError<"column 'state' does not exist on 'app_bootstrap'.">'.
src/lib/training-commerce.functions.ts(48,79): error TS2339: Property 'state' does not exist on type 'SelectQueryError<"column 'state' does not exist on 'app_bootstrap'."> | SelectQueryError<"column 'state' does not exist on 'appointment_calendar_sync'."> | ... 22 more ... | SelectQueryError<...>'.
  Property 'state' does not exist on type 'SelectQueryError<"column 'state' does not exist on 'app_bootstrap'.">'.
src/lib/training-commerce.server.ts(36,31): error TS4111: Property 'product_key' comes from an index signature, so it must be accessed with ['product_key'].
src/lib/training-commerce.server.ts(36,67): error TS4111: Property 'product_key' comes from an index signature, so it must be accessed with ['product_key'].
src/lib/training-commerce.server.ts(42,31): error TS4111: Property 'product_key' comes from an index signature, so it must be accessed with ['product_key'].
src/lib/training-commerce.server.ts(42,67): error TS4111: Property 'product_key' comes from an index signature, so it must be accessed with ['product_key'].
src/lib/training-commerce.server.ts(83,41): error TS4111: Property 'stripe_payment_intent_id' comes from an index signature, so it must be accessed with ['stripe_payment_intent_id'].
src/lib/training-commerce.server.ts(83,90): error TS4111: Property 'stripe_payment_intent_id' comes from an index signature, so it must be accessed with ['stripe_payment_intent_id'].
src/lib/training-commerce.server.ts(84,32): error TS4111: Property 'stripe_price_id' comes from an index signature, so it must be accessed with ['stripe_price_id'].
src/lib/training-commerce.server.ts(84,72): error TS4111: Property 'stripe_price_id' comes from an index signature, so it must be accessed with ['stripe_price_id'].
src/lib/training-commerce.server.ts(150,22): error TS4111: Property 'CLIENT_PANEL_URL' comes from an index signature, so it must be accessed with ['CLIENT_PANEL_URL'].
src/lib/training-commerce.server.ts(169,30): error TS4111: Property 'STRIPE_SECRET_KEY' comes from an index signature, so it must be accessed with ['STRIPE_SECRET_KEY'].
src/lib/training-commerce.server.ts(208,30): error TS4111: Property 'STRIPE_SECRET_KEY' comes from an index signature, so it must be accessed with ['STRIPE_SECRET_KEY'].
src/lib/training-commerce.server.ts(300,29): error TS4111: Property 'dailyActivities' comes from an index signature, so it must be accessed with ['dailyActivities'].
src/lib/training-commerce.server.ts(300,61): error TS4111: Property 'dailyActivities' comes from an index signature, so it must be accessed with ['dailyActivities'].
src/lib/training-commerce.server.ts(300,98): error TS4111: Property 'dailyActivities' comes from an index signature, so it must be accessed with ['dailyActivities'].
src/lib/training-commerce.server.ts(318,13): error TS4111: Property 'dailyActivities' comes from an index signature, so it must be accessed with ['dailyActivities'].
src/lib/training-commerce.server.ts(318,45): error TS4111: Property 'dailyActivities' comes from an index signature, so it must be accessed with ['dailyActivities'].
src/lib/training-commerce.server.ts(319,25): error TS4111: Property 'guidedAnswers' comes from an index signature, so it must be accessed with ['guidedAnswers'].
src/lib/training-commerce.server.ts(319,55): error TS4111: Property 'guidedAnswers' comes from an index signature, so it must be accessed with ['guidedAnswers'].
src/lib/training-commerce.server.ts(319,90): error TS4111: Property 'guidedAnswers' comes from an index signature, so it must be accessed with ['guidedAnswers'].
src/lib/training-commerce.server.ts(322,26): error TS4111: Property 'answers' comes from an index signature, so it must be accessed with ['answers'].
src/lib/training-commerce.server.ts(322,50): error TS4111: Property 'answers' comes from an index signature, so it must be accessed with ['answers'].
src/lib/training-commerce.server.ts(322,79): error TS4111: Property 'answers' comes from an index signature, so it must be accessed with ['answers'].
src/lib/training-commerce.server.ts(323,23): error TS4111: Property 'quiz' comes from an index signature, so it must be accessed with ['quiz'].
src/lib/training-commerce.server.ts(323,44): error TS4111: Property 'quiz' comes from an index signature, so it must be accessed with ['quiz'].
src/lib/training-commerce.server.ts(323,70): error TS4111: Property 'quiz' comes from an index signature, so it must be accessed with ['quiz'].
src/lib/training-commerce.server.ts(324,30): error TS4111: Property 'reflections' comes from an index signature, so it must be accessed with ['reflections'].
src/lib/training-commerce.server.ts(324,58): error TS4111: Property 'reflections' comes from an index signature, so it must be accessed with ['reflections'].
src/lib/training-commerce.server.ts(324,91): error TS4111: Property 'reflections' comes from an index signature, so it must be accessed with ['reflections'].
src/lib/training-commerce.server.ts(332,41): error TS4111: Property 'dailyActivities' comes from an index signature, so it must be accessed with ['dailyActivities'].
src/lib/training-commerce.server.ts(332,71): error TS4111: Property 'dailyActivities' comes from an index signature, so it must be accessed with ['dailyActivities'].
src/lib/training-commerce.server.ts(332,104): error TS4111: Property 'dailyActivities' comes from an index signature, so it must be accessed with ['dailyActivities'].
src/lib/training-commerce.server.ts(343,37): error TS4111: Property 'lastPanel' comes from an index signature, so it must be accessed with ['lastPanel'].
src/lib/training-commerce.server.ts(343,68): error TS4111: Property 'lastPanel' comes from an index signature, so it must be accessed with ['lastPanel'].
src/lib/training-forum.server.ts(7,47): error TS2769: No overload matches this call.
  Overload 1 of 2, '(relation: "app_bootstrap" | "appointment_calendar_sync" | "appointments" | "appointment_events" | "service_catalog" | "customers" | "mentorships" | "orders" | "audit_logs" | "business_projects" | ... 14 more ... | "user_roles"): PostgrestQueryBuilder<...>', gave the following error.
    Argument of type '"training_programs"' is not assignable to parameter of type '"app_bootstrap" | "appointment_calendar_sync" | "appointments" | "appointment_events" | "service_catalog" | "customers" | "mentorships" | "orders" | "audit_logs" | "business_projects" | ... 14 more ... | "user_roles"'.
  Overload 2 of 2, '(relation: never): PostgrestQueryBuilder<{ PostgrestVersion: "14.15"; }, { Tables: { app_bootstrap: { Row: { completed: boolean; completed_at: string | null; id: boolean; }; Insert: { completed?: boolean; completed_at?: string | null; id?: boolean; }; Update: { ...; }; Relationships: []; }; ... 23 more ...; user_roles: { ...; }; }; Views: {}; Functions: { ...; }; Enums: { ...; }; CompositeTypes: {}; }, never, never, never>', gave the following error.
    Argument of type '"training_programs"' is not assignable to parameter of type 'never'.
src/lib/training-forum.server.ts(7,102): error TS2345: Argument of type '"slug"' is not assignable to parameter of type 'never'.
src/lib/training-forum.server.ts(10,11): error TS2339: Property 'status' does not exist on type 'SelectQueryError<"column 'id' does not exist on 'app_bootstrap'."> | SelectQueryError<"column 'id' does not exist on 'appointment_calendar_sync'."> | ... 22 more ... | SelectQueryError<...>'.
  Property 'status' does not exist on type 'SelectQueryError<"column 'id' does not exist on 'app_bootstrap'.">'.
src/lib/training-forum.server.ts(12,72): error TS2769: No overload matches this call.
  Overload 1 of 2, '(relation: "app_bootstrap" | "appointment_calendar_sync" | "appointments" | "appointment_events" | "service_catalog" | "customers" | "mentorships" | "orders" | "audit_logs" | "business_projects" | ... 14 more ... | "user_roles"): PostgrestQueryBuilder<...>', gave the following error.
    Argument of type '"training_programs"' is not assignable to parameter of type '"app_bootstrap" | "appointment_calendar_sync" | "appointments" | "appointment_events" | "service_catalog" | "customers" | "mentorships" | "orders" | "audit_logs" | "business_projects" | ... 14 more ... | "user_roles"'.
  Overload 2 of 2, '(relation: never): PostgrestQueryBuilder<{ PostgrestVersion: "14.15"; }, { Tables: { app_bootstrap: { Row: { completed: boolean; completed_at: string | null; id: boolean; }; Insert: { completed?: boolean; completed_at?: string | null; id?: boolean; }; Update: { ...; }; Relationships: []; }; ... 23 more ...; user_roles: { ...; }; }; Views: {}; Functions: { ...; }; Enums: { ...; }; CompositeTypes: {}; }, never, never, never>', gave the following error.
    Argument of type '"training_programs"' is not assignable to parameter of type 'never'.
src/lib/training-forum.server.ts(12,101): error TS2322: Type 'string' is not assignable to type 'never'.
src/lib/training-forum.server.ts(12,125): error TS2345: Argument of type '"id"' is not assignable to parameter of type 'never'.
src/lib/training-forum.server.ts(12,135): error TS2339: Property 'id' does not exist on type 'SelectQueryError<"column 'id' does not exist on 'app_bootstrap'."> | SelectQueryError<"column 'id' does not exist on 'appointment_calendar_sync'."> | ... 22 more ... | SelectQueryError<...>'.
  Property 'id' does not exist on type 'SelectQueryError<"column 'id' does not exist on 'app_bootstrap'.">'.
src/lib/training-forum.server.ts(28,50): error TS2769: No overload matches this call.
  Overload 1 of 2, '(relation: "app_bootstrap" | "appointment_calendar_sync" | "appointments" | "appointment_events" | "service_catalog" | "customers" | "mentorships" | "orders" | "audit_logs" | "business_projects" | ... 14 more ... | "user_roles"): PostgrestQueryBuilder<...>', gave the following error.
    Argument of type '"training_enrollments"' is not assignable to parameter of type '"app_bootstrap" | "appointment_calendar_sync" | "appointments" | "appointment_events" | "service_catalog" | "customers" | "mentorships" | "orders" | "audit_logs" | "business_projects" | ... 14 more ... | "user_roles"'.
  Overload 2 of 2, '(relation: never): PostgrestQueryBuilder<{ PostgrestVersion: "14.15"; }, { Tables: { app_bootstrap: { Row: { completed: boolean; completed_at: string | null; id: boolean; }; Insert: { completed?: boolean; completed_at?: string | null; id?: boolean; }; Update: { ...; }; Relationships: []; }; ... 23 more ...; user_roles: { ...; }; }; Views: {}; Functions: { ...; }; Enums: { ...; }; CompositeTypes: {}; }, never, never, never>', gave the following error.
    Argument of type '"training_enrollments"' is not assignable to parameter of type 'never'.
src/lib/training-forum.server.ts(28,90): error TS2345: Argument of type '"training_id"' is not assignable to parameter of type 'never'.
src/lib/training-forum.server.ts(28,113): error TS2339: Property 'id' does not exist on type 'SelectQueryError<"column 'id' does not exist on 'app_bootstrap'."> | SelectQueryError<"column 'id' does not exist on 'appointment_calendar_sync'."> | ... 22 more ... | SelectQueryError<...>'.
  Property 'id' does not exist on type 'SelectQueryError<"column 'id' does not exist on 'app_bootstrap'.">'.
src/lib/training-forum.server.ts(28,120): error TS2345: Argument of type '"customer_id"' is not assignable to parameter of type 'never'.
src/lib/training-forum.server.ts(28,154): error TS2345: Argument of type '"active"' is not assignable to parameter of type 'never'.
src/lib/training-forum.server.ts(29,214): error TS2769: No overload matches this call.
  Overload 1 of 2, '(relation: "app_bootstrap" | "appointment_calendar_sync" | "appointments" | "appointment_events" | "service_catalog" | "customers" | "mentorships" | "orders" | "audit_logs" | "business_projects" | ... 14 more ... | "user_roles"): PostgrestQueryBuilder<...>', gave the following error.
    Argument of type '"training_enrollments"' is not assignable to parameter of type '"app_bootstrap" | "appointment_calendar_sync" | "appointments" | "appointment_events" | "service_catalog" | "customers" | "mentorships" | "orders" | "audit_logs" | "business_projects" | ... 14 more ... | "user_roles"'.
  Overload 2 of 2, '(relation: never): PostgrestQueryBuilder<{ PostgrestVersion: "14.15"; }, { Tables: { app_bootstrap: { Row: { completed: boolean; completed_at: string | null; id: boolean; }; Insert: { completed?: boolean; completed_at?: string | null; id?: boolean; }; Update: { ...; }; Relationships: []; }; ... 23 more ...; user_roles: { ...; }; }; Views: {}; Functions: { ...; }; Enums: { ...; }; CompositeTypes: {}; }, never, never, never>', gave the following error.
    Argument of type '"training_enrollments"' is not assignable to parameter of type 'never'.
src/lib/training-forum.server.ts(29,254): error TS2345: Argument of type '"training_id"' is not assignable to parameter of type 'never'.
src/lib/training-forum.server.ts(29,277): error TS2339: Property 'id' does not exist on type 'SelectQueryError<"column 'id' does not exist on 'app_bootstrap'."> | SelectQueryError<"column 'id' does not exist on 'appointment_calendar_sync'."> | ... 22 more ... | SelectQueryError<...>'.
  Property 'id' does not exist on type 'SelectQueryError<"column 'id' does not exist on 'app_bootstrap'.">'.
src/lib/training-forum.server.ts(29,284): error TS2345: Argument of type '"customer_id"' is not assignable to parameter of type 'never'.
src/lib/training-forum.server.ts(29,318): error TS2345: Argument of type '"active"' is not assignable to parameter of type 'never'.
src/lib/training-forum.server.ts(43,65): error TS2769: No overload matches this call.
  Overload 1 of 2, '(relation: "app_bootstrap" | "appointment_calendar_sync" | "appointments" | "appointment_events" | "service_catalog" | "customers" | "mentorships" | "orders" | "audit_logs" | "business_projects" | ... 14 more ... | "user_roles"): PostgrestQueryBuilder<...>', gave the following error.
    Argument of type '"training_forum_topics"' is not assignable to parameter of type '"app_bootstrap" | "appointment_calendar_sync" | "appointments" | "appointment_events" | "service_catalog" | "customers" | "mentorships" | "orders" | "audit_logs" | "business_projects" | ... 14 more ... | "user_roles"'.
  Overload 2 of 2, '(relation: never): PostgrestQueryBuilder<{ PostgrestVersion: "14.15"; }, { Tables: { app_bootstrap: { Row: { completed: boolean; completed_at: string | null; id: boolean; }; Insert: { completed?: boolean; completed_at?: string | null; id?: boolean; }; Update: { ...; }; Relationships: []; }; ... 23 more ...; user_roles: { ...; }; }; Views: {}; Functions: { ...; }; Enums: { ...; }; CompositeTypes: {}; }, never, never, never>', gave the following error.
    Argument of type '"training_forum_topics"' is not assignable to parameter of type 'never'.
src/lib/training-forum.server.ts(43,203): error TS2345: Argument of type '"training_id"' is not assignable to parameter of type 'never'.
src/lib/training-forum.server.ts(43,226): error TS2339: Property 'id' does not exist on type 'SelectQueryError<"column 'id' does not exist on 'app_bootstrap'."> | SelectQueryError<"column 'id' does not exist on 'appointment_calendar_sync'."> | ... 22 more ... | SelectQueryError<...>'.
  Property 'id' does not exist on type 'SelectQueryError<"column 'id' does not exist on 'app_bootstrap'.">'.
src/lib/training-forum.server.ts(43,234): error TS2345: Argument of type '"status"' is not assignable to parameter of type 'never'.
src/lib/training-forum.server.ts(48,49): error TS2769: No overload matches this call.
  Overload 1 of 2, '(relation: "app_bootstrap" | "appointment_calendar_sync" | "appointments" | "appointment_events" | "service_catalog" | "customers" | "mentorships" | "orders" | "audit_logs" | "business_projects" | ... 14 more ... | "user_roles"): PostgrestQueryBuilder<...>', gave the following error.
    Argument of type '"training_forum_posts"' is not assignable to parameter of type '"app_bootstrap" | "appointment_calendar_sync" | "appointments" | "appointment_events" | "service_catalog" | "customers" | "mentorships" | "orders" | "audit_logs" | "business_projects" | ... 14 more ... | "user_roles"'.
  Overload 2 of 2, '(relation: never): PostgrestQueryBuilder<{ PostgrestVersion: "14.15"; }, { Tables: { app_bootstrap: { Row: { completed: boolean; completed_at: string | null; id: boolean; }; Insert: { completed?: boolean; completed_at?: string | null; id?: boolean; }; Update: { ...; }; Relationships: []; }; ... 23 more ...; user_roles: { ...; }; }; Views: {}; Functions: { ...; }; Enums: { ...; }; CompositeTypes: {}; }, never, never, never>', gave the following error.
    Argument of type '"training_forum_posts"' is not assignable to parameter of type 'never'.
src/lib/training-forum.server.ts(48,179): error TS2345: Argument of type '"status"' is not assignable to parameter of type 'never'.
src/lib/training-forum.server.ts(60,42): error TS2769: No overload matches this call.
  Overload 1 of 2, '(relation: "app_bootstrap" | "appointment_calendar_sync" | "appointments" | "appointment_events" | "service_catalog" | "customers" | "mentorships" | "orders" | "audit_logs" | "business_projects" | ... 14 more ... | "user_roles"): PostgrestQueryBuilder<...>', gave the following error.
    Argument of type '"training_forum_topics"' is not assignable to parameter of type '"app_bootstrap" | "appointment_calendar_sync" | "appointments" | "appointment_events" | "service_catalog" | "customers" | "mentorships" | "orders" | "audit_logs" | "business_projects" | ... 14 more ... | "user_roles"'.
  Overload 2 of 2, '(relation: never): PostgrestQueryBuilder<{ PostgrestVersion: "14.15"; }, { Tables: { app_bootstrap: { Row: { completed: boolean; completed_at: string | null; id: boolean; }; Insert: { completed?: boolean; completed_at?: string | null; id?: boolean; }; Update: { ...; }; Relationships: []; }; ... 23 more ...; user_roles: { ...; }; }; Views: {}; Functions: { ...; }; Enums: { ...; }; CompositeTypes: {}; }, never, never, never>', gave the following error.
    Argument of type '"training_forum_topics"' is not assignable to parameter of type 'never'.
src/lib/training-forum.server.ts(60,75): error TS2353: Object literal may only specify known properties, and 'training_id' does not exist in type '({ completed?: boolean; completed_at?: string | null; id?: boolean; } & {}) | ({ appointment_id: string; attempts?: number; calendar_id?: string; created_at?: string; google_event_id?: string | null; ... 6 more ...; updated_at?: string; } & {}) | ... 18 more ... | RejectExcessProperties<...>[]'.
src/lib/training-forum.server.ts(60,96): error TS2339: Property 'id' does not exist on type 'SelectQueryError<"column 'id' does not exist on 'app_bootstrap'."> | SelectQueryError<"column 'id' does not exist on 'appointment_calendar_sync'."> | ... 22 more ... | SelectQueryError<...>'.
  Property 'id' does not exist on type 'SelectQueryError<"column 'id' does not exist on 'app_bootstrap'.">'.
src/lib/training-forum.server.ts(69,47): error TS2769: No overload matches this call.
  Overload 1 of 2, '(relation: "app_bootstrap" | "appointment_calendar_sync" | "appointments" | "appointment_events" | "service_catalog" | "customers" | "mentorships" | "orders" | "audit_logs" | "business_projects" | ... 14 more ... | "user_roles"): PostgrestQueryBuilder<...>', gave the following error.
    Argument of type '"training_forum_topics"' is not assignable to parameter of type '"app_bootstrap" | "appointment_calendar_sync" | "appointments" | "appointment_events" | "service_catalog" | "customers" | "mentorships" | "orders" | "audit_logs" | "business_projects" | ... 14 more ... | "user_roles"'.
  Overload 2 of 2, '(relation: never): PostgrestQueryBuilder<{ PostgrestVersion: "14.15"; }, { Tables: { app_bootstrap: { Row: { completed: boolean; completed_at: string | null; id: boolean; }; Insert: { completed?: boolean; completed_at?: string | null; id?: boolean; }; Update: { ...; }; Relationships: []; }; ... 23 more ...; user_roles: { ...; }; }; Views: {}; Functions: { ...; }; Enums: { ...; }; CompositeTypes: {}; }, never, never, never>', gave the following error.
    Argument of type '"training_forum_topics"' is not assignable to parameter of type 'never'.
src/lib/training-forum.server.ts(69,107): error TS2345: Argument of type '"id"' is not assignable to parameter of type 'never'.
src/lib/training-forum.server.ts(69,130): error TS2345: Argument of type '"training_id"' is not assignable to parameter of type 'never'.
src/lib/training-forum.server.ts(69,153): error TS2339: Property 'id' does not exist on type 'SelectQueryError<"column 'id' does not exist on 'app_bootstrap'."> | SelectQueryError<"column 'id' does not exist on 'appointment_calendar_sync'."> | ... 22 more ... | SelectQueryError<...>'.
  Property 'id' does not exist on type 'SelectQueryError<"column 'id' does not exist on 'app_bootstrap'.">'.
src/lib/training-forum.server.ts(70,20): error TS2339: Property 'status' does not exist on type 'SelectQueryError<"column 'id' does not exist on 'app_bootstrap'."> | SelectQueryError<"column 'id' does not exist on 'appointment_calendar_sync'."> | ... 22 more ... | SelectQueryError<...>'.
  Property 'status' does not exist on type 'SelectQueryError<"column 'id' does not exist on 'app_bootstrap'.">'.
src/lib/training-forum.server.ts(71,42): error TS2769: No overload matches this call.
  Overload 1 of 2, '(relation: "app_bootstrap" | "appointment_calendar_sync" | "appointments" | "appointment_events" | "service_catalog" | "customers" | "mentorships" | "orders" | "audit_logs" | "business_projects" | ... 14 more ... | "user_roles"): PostgrestQueryBuilder<...>', gave the following error.
    Argument of type '"training_forum_posts"' is not assignable to parameter of type '"app_bootstrap" | "appointment_calendar_sync" | "appointments" | "appointment_events" | "service_catalog" | "customers" | "mentorships" | "orders" | "audit_logs" | "business_projects" | ... 14 more ... | "user_roles"'.
  Overload 2 of 2, '(relation: never): PostgrestQueryBuilder<{ PostgrestVersion: "14.15"; }, { Tables: { app_bootstrap: { Row: { completed: boolean; completed_at: string | null; id: boolean; }; Insert: { completed?: boolean; completed_at?: string | null; id?: boolean; }; Update: { ...; }; Relationships: []; }; ... 23 more ...; user_roles: { ...; }; }; Views: {}; Functions: { ...; }; Enums: { ...; }; CompositeTypes: {}; }, never, never, never>', gave the following error.
    Argument of type '"training_forum_posts"' is not assignable to parameter of type 'never'.
src/lib/training-forum.server.ts(71,74): error TS2353: Object literal may only specify known properties, and 'topic_id' does not exist in type '({ completed?: boolean; completed_at?: string | null; id?: boolean; } & {}) | ({ appointment_id: string; attempts?: number; calendar_id?: string; created_at?: string; google_event_id?: string | null; ... 6 more ...; updated_at?: string; } & {}) | ... 18 more ... | RejectExcessProperties<...>[]'.
src/lib/training-forum.server.ts(71,89): error TS2339: Property 'id' does not exist on type 'SelectQueryError<"column 'id' does not exist on 'app_bootstrap'."> | SelectQueryError<"column 'id' does not exist on 'appointment_calendar_sync'."> | ... 22 more ... | SelectQueryError<...>'.
  Property 'id' does not exist on type 'SelectQueryError<"column 'id' does not exist on 'app_bootstrap'.">'.
src/lib/training-forum.server.ts(79,48): error TS2769: No overload matches this call.
  Overload 1 of 2, '(relation: "app_bootstrap" | "appointment_calendar_sync" | "appointments" | "appointment_events" | "service_catalog" | "customers" | "mentorships" | "orders" | "audit_logs" | "business_projects" | ... 14 more ... | "user_roles"): PostgrestQueryBuilder<...>', gave the following error.
    Argument of type '"training_forum_topics"' is not assignable to parameter of type '"app_bootstrap" | "appointment_calendar_sync" | "appointments" | "appointment_events" | "service_catalog" | "customers" | "mentorships" | "orders" | "audit_logs" | "business_projects" | ... 14 more ... | "user_roles"'.
  Overload 2 of 2, '(relation: never): PostgrestQueryBuilder<{ PostgrestVersion: "14.15"; }, { Tables: { app_bootstrap: { Row: { completed: boolean; completed_at: string | null; id: boolean; }; Insert: { completed?: boolean; completed_at?: string | null; id?: boolean; }; Update: { ...; }; Relationships: []; }; ... 23 more ...; user_roles: { ...; }; }; Views: {}; Functions: { ...; }; Enums: { ...; }; CompositeTypes: {}; }, never, never, never>', gave the following error.
    Argument of type '"training_forum_topics"' is not assignable to parameter of type 'never'.
src/lib/training-forum.server.ts(79,176): error TS2345: Argument of type '"training_id"' is not assignable to parameter of type 'never'.
src/lib/training-forum.server.ts(79,199): error TS2339: Property 'id' does not exist on type 'SelectQueryError<"column 'id' does not exist on 'app_bootstrap'."> | SelectQueryError<"column 'id' does not exist on 'appointment_calendar_sync'."> | ... 22 more ... | SelectQueryError<...>'.
  Property 'id' does not exist on type 'SelectQueryError<"column 'id' does not exist on 'app_bootstrap'.">'.
src/lib/training-forum.server.ts(82,56): error TS2769: No overload matches this call.
  Overload 1 of 2, '(relation: "app_bootstrap" | "appointment_calendar_sync" | "appointments" | "appointment_events" | "service_catalog" | "customers" | "mentorships" | "orders" | "audit_logs" | "business_projects" | ... 14 more ... | "user_roles"): PostgrestQueryBuilder<...>', gave the following error.
    Argument of type '"training_forum_posts"' is not assignable to parameter of type '"app_bootstrap" | "appointment_calendar_sync" | "appointments" | "appointment_events" | "service_catalog" | "customers" | "mentorships" | "orders" | "audit_logs" | "business_projects" | ... 14 more ... | "user_roles"'.
  Overload 2 of 2, '(relation: never): PostgrestQueryBuilder<{ PostgrestVersion: "14.15"; }, { Tables: { app_bootstrap: { Row: { completed: boolean; completed_at: string | null; id: boolean; }; Insert: { completed?: boolean; completed_at?: string | null; id?: boolean; }; Update: { ...; }; Relationships: []; }; ... 23 more ...; user_roles: { ...; }; }; Views: {}; Functions: { ...; }; Enums: { ...; }; CompositeTypes: {}; }, never, never, never>', gave the following error.
    Argument of type '"training_forum_posts"' is not assignable to parameter of type 'never'.
src/lib/training-forum.server.ts(88,47): error TS2769: No overload matches this call.
  Overload 1 of 2, '(relation: "app_bootstrap" | "appointment_calendar_sync" | "appointments" | "appointment_events" | "service_catalog" | "customers" | "mentorships" | "orders" | "audit_logs" | "business_projects" | ... 14 more ... | "user_roles"): PostgrestQueryBuilder<...>', gave the following error.
    Argument of type '"training_forum_topics"' is not assignable to parameter of type '"app_bootstrap" | "appointment_calendar_sync" | "appointments" | "appointment_events" | "service_catalog" | "customers" | "mentorships" | "orders" | "audit_logs" | "business_projects" | ... 14 more ... | "user_roles"'.
  Overload 2 of 2, '(relation: never): PostgrestQueryBuilder<{ PostgrestVersion: "14.15"; }, { Tables: { app_bootstrap: { Row: { completed: boolean; completed_at: string | null; id: boolean; }; Insert: { completed?: boolean; completed_at?: string | null; id?: boolean; }; Update: { ...; }; Relationships: []; }; ... 23 more ...; user_roles: { ...; }; }; Views: {}; Functions: { ...; }; Enums: { ...; }; CompositeTypes: {}; }, never, never, never>', gave the following error.
    Argument of type '"training_forum_topics"' is not assignable to parameter of type 'never'.
src/lib/training-forum.server.ts(88,95): error TS2345: Argument of type '"id"' is not assignable to parameter of type 'never'.
src/lib/training-forum.server.ts(88,146): error TS2339: Property 'status' does not exist on type 'SelectQueryError<"column 'id' does not exist on 'app_bootstrap'."> | SelectQueryError<"column 'id' does not exist on 'appointment_calendar_sync'."> | ... 22 more ... | SelectQueryError<...>'.
  Property 'status' does not exist on type 'SelectQueryError<"column 'id' does not exist on 'app_bootstrap'.">'.
src/lib/training-forum.server.ts(89,42): error TS2769: No overload matches this call.
  Overload 1 of 2, '(relation: "app_bootstrap" | "appointment_calendar_sync" | "appointments" | "appointment_events" | "service_catalog" | "customers" | "mentorships" | "orders" | "audit_logs" | "business_projects" | ... 14 more ... | "user_roles"): PostgrestQueryBuilder<...>', gave the following error.
    Argument of type '"training_forum_posts"' is not assignable to parameter of type '"app_bootstrap" | "appointment_calendar_sync" | "appointments" | "appointment_events" | "service_catalog" | "customers" | "mentorships" | "orders" | "audit_logs" | "business_projects" | ... 14 more ... | "user_roles"'.
  Overload 2 of 2, '(relation: never): PostgrestQueryBuilder<{ PostgrestVersion: "14.15"; }, { Tables: { app_bootstrap: { Row: { completed: boolean; completed_at: string | null; id: boolean; }; Insert: { completed?: boolean; completed_at?: string | null; id?: boolean; }; Update: { ...; }; Relationships: []; }; ... 23 more ...; user_roles: { ...; }; }; Views: {}; Functions: { ...; }; Enums: { ...; }; CompositeTypes: {}; }, never, never, never>', gave the following error.
    Argument of type '"training_forum_posts"' is not assignable to parameter of type 'never'.
src/lib/training-forum.server.ts(89,74): error TS2353: Object literal may only specify known properties, and 'topic_id' does not exist in type '({ completed?: boolean; completed_at?: string | null; id?: boolean; } & {}) | ({ appointment_id: string; attempts?: number; calendar_id?: string; created_at?: string; google_event_id?: string | null; ... 6 more ...; updated_at?: string; } & {}) | ... 18 more ... | RejectExcessProperties<...>[]'.
src/lib/training-forum.server.ts(89,89): error TS2339: Property 'id' does not exist on type 'SelectQueryError<"column 'id' does not exist on 'app_bootstrap'."> | SelectQueryError<"column 'id' does not exist on 'appointment_calendar_sync'."> | ... 22 more ... | SelectQueryError<...>'.
  Property 'id' does not exist on type 'SelectQueryError<"column 'id' does not exist on 'app_bootstrap'.">'.
src/lib/training-forum.server.ts(94,69): error TS2769: No overload matches this call.
  Overload 1 of 2, '(relation: "app_bootstrap" | "appointment_calendar_sync" | "appointments" | "appointment_events" | "service_catalog" | "customers" | "mentorships" | "orders" | "audit_logs" | "business_projects" | ... 14 more ... | "user_roles"): PostgrestQueryBuilder<...>', gave the following error.
    Argument of type '"training_forum_topics"' is not assignable to parameter of type '"app_bootstrap" | "appointment_calendar_sync" | "appointments" | "appointment_events" | "service_catalog" | "customers" | "mentorships" | "orders" | "audit_logs" | "business_projects" | ... 14 more ... | "user_roles"'.
  Overload 2 of 2, '(relation: never): PostgrestQueryBuilder<{ PostgrestVersion: "14.15"; }, { Tables: { app_bootstrap: { Row: { completed: boolean; completed_at: string | null; id: boolean; }; Insert: { completed?: boolean; completed_at?: string | null; id?: boolean; }; Update: { ...; }; Relationships: []; }; ... 23 more ...; user_roles: { ...; }; }; Views: {}; Functions: { ...; }; Enums: { ...; }; CompositeTypes: {}; }, never, never, never>', gave the following error.
    Argument of type '"training_forum_topics"' is not assignable to parameter of type 'never'.
src/lib/training-forum.server.ts(94,102): error TS2322: Type '"open" | "hidden" | "closed"' is not assignable to type 'never'.
  Type '"open"' is not assignable to type 'never'.
src/lib/training-forum.server.ts(94,122): error TS2322: Type 'boolean' is not assignable to type 'never'.
src/lib/training-forum.server.ts(94,142): error TS2322: Type 'string' is not assignable to type 'never'.
src/lib/training-forum.server.ts(94,183): error TS2345: Argument of type '"id"' is not assignable to parameter of type 'never'.
src/lib/training-forum.server.ts(98,69): error TS2769: No overload matches this call.
  Overload 1 of 2, '(relation: "app_bootstrap" | "appointment_calendar_sync" | "appointments" | "appointment_events" | "service_catalog" | "customers" | "mentorships" | "orders" | "audit_logs" | "business_projects" | ... 14 more ... | "user_roles"): PostgrestQueryBuilder<...>', gave the following error.
    Argument of type '"training_forum_posts"' is not assignable to parameter of type '"app_bootstrap" | "appointment_calendar_sync" | "appointments" | "appointment_events" | "service_catalog" | "customers" | "mentorships" | "orders" | "audit_logs" | "business_projects" | ... 14 more ... | "user_roles"'.
  Overload 2 of 2, '(relation: never): PostgrestQueryBuilder<{ PostgrestVersion: "14.15"; }, { Tables: { app_bootstrap: { Row: { completed: boolean; completed_at: string | null; id: boolean; }; Insert: { completed?: boolean; completed_at?: string | null; id?: boolean; }; Update: { ...; }; Relationships: []; }; ... 23 more ...; user_roles: { ...; }; }; Views: {}; Functions: { ...; }; Enums: { ...; }; CompositeTypes: {}; }, never, never, never>', gave the following error.
    Argument of type '"training_forum_posts"' is not assignable to parameter of type 'never'.
src/lib/training-forum.server.ts(98,101): error TS2322: Type '"hidden" | "visible"' is not assignable to type 'never'.
  Type '"hidden"' is not assignable to type 'never'.
src/lib/training-forum.server.ts(98,121): error TS2322: Type 'string' is not assignable to type 'never'.
src/lib/training-forum.server.ts(98,162): error TS2345: Argument of type '"id"' is not assignable to parameter of type 'never'.
src/lib/trichology-commerce.server.ts(16,59): error TS4111: Property 'CLIENT_PANEL_URL' comes from an index signature, so it must be accessed with ['CLIENT_PANEL_URL'].
src/lib/trichology-commerce.server.ts(18,934): error TS4111: Property 'STRIPE_SECRET_KEY' comes from an index signature, so it must be accessed with ['STRIPE_SECRET_KEY'].
src/lib/trichology-commerce.server.ts(19,1155): error TS2551: Property 'full_name' does not exist on type 'ClientCustomer'. Did you mean 'fullName'?
src/lib/written-orientation.server.ts(23,119): error TS4111: Property 'CLIENT_PANEL_URL' comes from an index signature, so it must be accessed with ['CLIENT_PANEL_URL'].
src/lib/written-orientation.server.ts(38,33): error TS2339: Property 'country' does not exist on type 'ClientCustomer'.
src/lib/written-orientation.server.ts(53,28): error TS4111: Property 'STRIPE_SECRET_KEY' comes from an index signature, so it must be accessed with ['STRIPE_SECRET_KEY'].
src/lib/written-orientation.server.ts(69,28): error TS4111: Property 'STRIPE_SECRET_KEY' comes from an index signature, so it must be accessed with ['STRIPE_SECRET_KEY'].
src/routes/__root.tsx(224,56): error TS4111: Property 'ldrFallback' comes from an index signature, so it must be accessed with ['ldrFallback'].
src/routes/__root.tsx(225,19): error TS4111: Property 'ldrFallback' comes from an index signature, so it must be accessed with ['ldrFallback'].
src/routes/_authenticated/admin.meus-pedidos.tsx(22,38): error TS2367: This comparison appears to be unintentional because the types '"pendente" | "pago" | "reembolsado" | "falhou" | "parcialmente_reembolsado"' and '"paid"' have no overlap.
src/routes/_authenticated/admin.meus-pedidos.tsx(23,41): error TS2367: This comparison appears to be unintentional because the types '"pendente" | "pago" | "reembolsado" | "falhou" | "parcialmente_reembolsado"' and '"paid"' have no overlap.
src/routes/_authenticated/admin.notificacoes.tsx(25,692): error TS4111: Property 'id' comes from an index signature, so it must be accessed with ['id'].
src/routes/_authenticated/admin.notificacoes.tsx(25,877): error TS4111: Property 'subject' comes from an index signature, so it must be accessed with ['subject'].
src/routes/_authenticated/admin.notificacoes.tsx(25,888): error TS4111: Property 'event_type' comes from an index signature, so it must be accessed with ['event_type'].
src/routes/_authenticated/admin.notificacoes.tsx(25,977): error TS4111: Property 'body' comes from an index signature, so it must be accessed with ['body'].
src/routes/_authenticated/admin.notificacoes.tsx(25,1052): error TS4111: Property 'created_at' comes from an index signature, so it must be accessed with ['created_at'].
src/routes/_authenticated/admin.notificacoes.tsx(25,1066): error TS4111: Property 'scheduled_for' comes from an index signature, so it must be accessed with ['scheduled_for'].
src/routes/_authenticated/admin.notificacoes.tsx(33,28): error TS4111: Property 'full_name' comes from an index signature, so it must be accessed with ['full_name'].
src/routes/_authenticated/admin.notificacoes.tsx(33,41): error TS4111: Property 'name' comes from an index signature, so it must be accessed with ['name'].
src/routes/_authenticated/admin.notificacoes.tsx(33,49): error TS4111: Property 'email' comes from an index signature, so it must be accessed with ['email'].
src/routes/_authenticated/admin.notificacoes.tsx(33,58): error TS4111: Property 'billing_email' comes from an index signature, so it must be accessed with ['billing_email'].
src/routes/_authenticated/admin.notificacoes.tsx(33,107): error TS4111: Property 'email' comes from an index signature, so it must be accessed with ['email'].
src/routes/_authenticated/admin.notificacoes.tsx(33,116): error TS4111: Property 'billing_email' comes from an index signature, so it must be accessed with ['billing_email'].
src/routes/_authenticated/admin.notificacoes.tsx(33,132): error TS4111: Property 'phone' comes from an index signature, so it must be accessed with ['phone'].
src/routes/_authenticated/admin.notificacoes.tsx(34,67): error TS4111: Property 'id' comes from an index signature, so it must be accessed with ['id'].
src/routes/_authenticated/admin.notificacoes.tsx(34,139): error TS4111: Property 'id' comes from an index signature, so it must be accessed with ['id'].
src/routes/_authenticated/admin.notificacoes.tsx(34,208): error TS4111: Property 'catalog_key' comes from an index signature, so it must be accessed with ['catalog_key'].
src/routes/_authenticated/admin.notificacoes.tsx(34,222): error TS4111: Property 'name' comes from an index signature, so it must be accessed with ['name'].
src/routes/_authenticated/admin.notificacoes.tsx(37,592): error TS4111: Property 'member_id' comes from an index signature, so it must be accessed with ['member_id'].
src/routes/_authenticated/admin.notificacoes.tsx(37,638): error TS4111: Property 'organization_id' comes from an index signature, so it must be accessed with ['organization_id'].
src/routes/_authenticated/admin.notificacoes.tsx(37,692): error TS4111: Property 'id' comes from an index signature, so it must be accessed with ['id'].
src/routes/_authenticated/admin.notificacoes.tsx(37,705): error TS4111: Property 'scheduled_at' comes from an index signature, so it must be accessed with ['scheduled_at'].
src/routes/_authenticated/admin.notificacoes.tsx(37,729): error TS4111: Property 'scheduled_at' comes from an index signature, so it must be accessed with ['scheduled_at'].
src/routes/_authenticated/admin.notificacoes.tsx(37,779): error TS4111: Property 'scheduled_note' comes from an index signature, so it must be accessed with ['scheduled_note'].
src/routes/_authenticated/admin.notificacoes.tsx(37,818): error TS4111: Property 'id' comes from an index signature, so it must be accessed with ['id'].
src/routes/_authenticated/admin.notificacoes.tsx(37,898): error TS4111: Property 'full_name' comes from an index signature, so it must be accessed with ['full_name'].
src/routes/_authenticated/admin.notificacoes.tsx(37,978): error TS4111: Property 'name' comes from an index signature, so it must be accessed with ['name'].
src/routes/_authenticated/admin.notificacoes.tsx(37,1019): error TS4111: Property 'catalog_key' comes from an index signature, so it must be accessed with ['catalog_key'].
src/routes/_authenticated/admin.notificacoes.tsx(37,1035): error TS4111: Property 'catalog_key' comes from an index signature, so it must be accessed with ['catalog_key'].
src/routes/_authenticated/admin.notificacoes.tsx(37,1141): error TS4111: Property 'status' comes from an index signature, so it must be accessed with ['status'].
src/routes/_authenticated/admin.notificacoes.tsx(37,1170): error TS4111: Property 'credits_granted' comes from an index signature, so it must be accessed with ['credits_granted'].
src/routes/_authenticated/admin.notificacoes.tsx(37,1196): error TS4111: Property 'credits_used' comes from an index signature, so it must be accessed with ['credits_used'].
src/routes/_authenticated/admin.notificacoes.tsx(37,1390): error TS4111: Property 'id' comes from an index signature, so it must be accessed with ['id'].
src/routes/_authenticated/admin.notificacoes.tsx(37,1562): error TS4111: Property 'id' comes from an index signature, so it must be accessed with ['id'].
src/routes/_authenticated/admin.notificacoes.tsx(37,1692): error TS4111: Property 'id' comes from an index signature, so it must be accessed with ['id'].
src/routes/_authenticated/admin.notificacoes.tsx(37,1742): error TS4111: Property 'id' comes from an index signature, so it must be accessed with ['id'].
src/routes/_authenticated/admin.notificacoes.tsx(37,1786): error TS4111: Property 'id' comes from an index signature, so it must be accessed with ['id'].
src/routes/_authenticated/admin.notificacoes.tsx(37,2178): error TS4111: Property 'id' comes from an index signature, so it must be accessed with ['id'].
src/routes/_authenticated/admin.notificacoes.tsx(38,841): error TS4111: Property 'id' comes from an index signature, so it must be accessed with ['id'].
src/routes/_authenticated/admin.notificacoes.tsx(38,1149): error TS4111: Property 'id' comes from an index signature, so it must be accessed with ['id'].
src/routes/_authenticated/admin.notificacoes.tsx(38,1305): error TS4111: Property 'id' comes from an index signature, so it must be accessed with ['id'].
src/routes/_authenticated/admin.notificacoes.tsx(38,1363): error TS4111: Property 'id' comes from an index signature, so it must be accessed with ['id'].
src/routes/_authenticated/admin.notificacoes.tsx(38,1387): error TS4111: Property 'id' comes from an index signature, so it must be accessed with ['id'].
src/routes/_authenticated/admin.notificacoes.tsx(40,285): error TS4111: Property 'id' comes from an index signature, so it must be accessed with ['id'].
src/routes/_authenticated/admin.notificacoes.tsx(40,453): error TS4111: Property 'subject' comes from an index signature, so it must be accessed with ['subject'].
src/routes/_authenticated/admin.notificacoes.tsx(40,464): error TS4111: Property 'event_type' comes from an index signature, so it must be accessed with ['event_type'].
src/routes/_authenticated/admin.notificacoes.tsx(40,545): error TS4111: Property 'body' comes from an index signature, so it must be accessed with ['body'].
src/routes/_authenticated/admin.notificacoes.tsx(40,659): error TS4111: Property 'channel' comes from an index signature, so it must be accessed with ['channel'].
src/routes/_authenticated/admin.notificacoes.tsx(40,673): error TS4111: Property 'status' comes from an index signature, so it must be accessed with ['status'].
src/routes/_authenticated/admin.notificacoes.tsx(40,741): error TS4111: Property 'created_at' comes from an index signature, so it must be accessed with ['created_at'].
src/routes/_authenticated/admin.profissionais-conformidade.tsx(12,37): error TS4111: Property 'id' comes from an index signature, so it must be accessed with ['id'].
src/routes/_authenticated/admin.profissionais-conformidade.tsx(12,54): error TS4111: Property 'country_code' comes from an index signature, so it must be accessed with ['country_code'].
src/routes/_authenticated/admin.profissionais-conformidade.tsx(12,80): error TS4111: Property 'category_id' comes from an index signature, so it must be accessed with ['category_id'].
src/routes/_authenticated/admin.profissionais-conformidade.tsx(12,105): error TS4111: Property 'title_label' comes from an index signature, so it must be accessed with ['title_label'].
src/routes/_authenticated/admin.profissionais-conformidade.tsx(12,144): error TS4111: Property 'requires_registration' comes from an index signature, so it must be accessed with ['requires_registration'].
src/routes/_authenticated/admin.profissionais-conformidade.tsx(12,189): error TS4111: Property 'requires_manual_review' comes from an index signature, so it must be accessed with ['requires_manual_review'].
src/routes/_authenticated/admin.profissionais-conformidade.tsx(12,232): error TS4111: Property 'registration_label' comes from an index signature, so it must be accessed with ['registration_label'].
src/routes/_authenticated/admin.profissionais-conformidade.tsx(12,281): error TS4111: Property 'required_documents' comes from an index signature, so it must be accessed with ['required_documents'].
src/routes/_authenticated/admin.profissionais-conformidade.tsx(12,327): error TS4111: Property 'public_disclosures' comes from an index signature, so it must be accessed with ['public_disclosures'].
src/routes/_authenticated/admin.profissionais-conformidade.tsx(12,364): error TS4111: Property 'allowed_modalities' comes from an index signature, so it must be accessed with ['allowed_modalities'].
src/routes/_authenticated/admin.profissionais-conformidade.tsx(12,426): error TS4111: Property 'allowed_modalities' comes from an index signature, so it must be accessed with ['allowed_modalities'].
src/routes/_authenticated/admin.profissionais-conformidade.tsx(12,504): error TS4111: Property 'advertising_restrictions' comes from an index signature, so it must be accessed with ['advertising_restrictions'].
src/routes/_authenticated/admin.profissionais-conformidade.tsx(12,557): error TS4111: Property 'fiscal_requirements' comes from an index signature, so it must be accessed with ['fiscal_requirements'].
src/routes/_authenticated/admin.profissionais-conformidade.tsx(12,596): error TS4111: Property 'emergency_notice' comes from an index signature, so it must be accessed with ['emergency_notice'].
src/routes/_authenticated/admin.profissionais-conformidade.tsx(12,631): error TS4111: Property 'legal_notice' comes from an index signature, so it must be accessed with ['legal_notice'].
src/routes/_authenticated/admin.profissionais-conformidade.tsx(12,657): error TS4111: Property 'active' comes from an index signature, so it must be accessed with ['active'].
src/routes/_authenticated/admin.profissionais-conformidade.tsx(14,153): error TS4111: Property 'id' comes from an index signature, so it must be accessed with ['id'].
src/routes/_authenticated/admin.profissionais-conformidade.tsx(14,181): error TS4111: Property 'active' comes from an index signature, so it must be accessed with ['active'].
src/routes/_authenticated/admin.profissionais-conformidade.tsx(14,190): error TS4111: Property 'active' comes from an index signature, so it must be accessed with ['active'].
src/routes/_authenticated/admin.profissionais-conformidade.tsx(14,248): error TS4111: Property 'regulated_by_default' comes from an index signature, so it must be accessed with ['regulated_by_default'].
src/routes/_authenticated/admin.profissionais-conformidade.tsx(14,271): error TS4111: Property 'regulated_by_default' comes from an index signature, so it must be accessed with ['regulated_by_default'].
src/routes/_authenticated/admin.profissionais-conformidade.tsx(14,345): error TS4111: Property 'requires_admin_review' comes from an index signature, so it must be accessed with ['requires_admin_review'].
src/routes/_authenticated/admin.profissionais-conformidade.tsx(14,369): error TS4111: Property 'requires_admin_review' comes from an index signature, so it must be accessed with ['requires_admin_review'].
src/routes/_authenticated/admin.profissionais-conformidade.tsx(16,612): error TS4111: Property 'id' comes from an index signature, so it must be accessed with ['id'].
src/routes/_authenticated/admin.profissionais-conformidade.tsx(16,625): error TS4111: Property 'id' comes from an index signature, so it must be accessed with ['id'].
src/routes/_authenticated/admin.profissionais-conformidade.tsx(16,632): error TS4111: Property 'name_pt' comes from an index signature, so it must be accessed with ['name_pt'].
src/routes/_authenticated/admin.profissionais-conformidade.tsx(17,206): error TS4111: Property 'id' comes from an index signature, so it must be accessed with ['id'].
src/routes/_authenticated/admin.profissionais-conformidade.tsx(17,315): error TS4111: Property 'name_pt' comes from an index signature, so it must be accessed with ['name_pt'].
src/routes/_authenticated/admin.profissionais-conformidade.tsx(17,381): error TS4111: Property 'slug' comes from an index signature, so it must be accessed with ['slug'].
src/routes/_authenticated/admin.profissionais-conformidade.tsx(17,449): error TS4111: Property 'active' comes from an index signature, so it must be accessed with ['active'].
src/routes/_authenticated/admin.profissionais-conformidade.tsx(17,656): error TS4111: Property 'active' comes from an index signature, so it must be accessed with ['active'].
src/routes/_authenticated/admin.profissionais-conformidade.tsx(17,848): error TS4111: Property 'regulated_by_default' comes from an index signature, so it must be accessed with ['regulated_by_default'].
src/routes/_authenticated/admin.profissionais-conformidade.tsx(17,1040): error TS4111: Property 'requires_admin_review' comes from an index signature, so it must be accessed with ['requires_admin_review'].
src/routes/_authenticated/admin.profissionais-conformidade.tsx(18,443): error TS4111: Property 'id' comes from an index signature, so it must be accessed with ['id'].
src/routes/_authenticated/admin.profissionais-conformidade.tsx(18,450): error TS4111: Property 'category_id' comes from an index signature, so it must be accessed with ['category_id'].
src/routes/_authenticated/admin.profissionais-conformidade.tsx(18,481): error TS4111: Property 'id' comes from an index signature, so it must be accessed with ['id'].
src/routes/_authenticated/admin.profissionais-conformidade.tsx(18,554): error TS4111: Property 'country_code' comes from an index signature, so it must be accessed with ['country_code'].
src/routes/_authenticated/admin.profissionais-conformidade.tsx(18,591): error TS4111: Property 'category_id' comes from an index signature, so it must be accessed with ['category_id'].
src/routes/_authenticated/admin.profissionais-conformidade.tsx(18,615): error TS4111: Property 'requires_registration' comes from an index signature, so it must be accessed with ['requires_registration'].
src/routes/_authenticated/admin.profissionais-conformidade.tsx(18,640): error TS4111: Property 'registration_label' comes from an index signature, so it must be accessed with ['registration_label'].
src/routes/_authenticated/admin.profissionais-conformidade.tsx(18,706): error TS4111: Property 'allowed_modalities' comes from an index signature, so it must be accessed with ['allowed_modalities'].
src/routes/_authenticated/admin.profissionais-conformidade.tsx(18,754): error TS4111: Property 'active' comes from an index signature, so it must be accessed with ['active'].
src/routes/_authenticated/admin.profissionais-conteudo.tsx(9,3902): error TS4111: Property 'id' comes from an index signature, so it must be accessed with ['id'].
src/routes/_authenticated/admin.profissionais-conteudo.tsx(9,4071): error TS4111: Property 'event_type' comes from an index signature, so it must be accessed with ['event_type'].
src/routes/_authenticated/admin.profissionais-conteudo.tsx(9,4115): error TS4111: Property 'title' comes from an index signature, so it must be accessed with ['title'].
src/routes/_authenticated/admin.profissionais-conteudo.tsx(9,4188): error TS4111: Property 'starts_at' comes from an index signature, so it must be accessed with ['starts_at'].
src/routes/_authenticated/admin.profissionais-conteudo.tsx(9,4229): error TS4111: Property 'timezone' comes from an index signature, so it must be accessed with ['timezone'].
src/routes/_authenticated/admin.profissionais-conteudo.tsx(9,4340): error TS4111: Property 'id' comes from an index signature, so it must be accessed with ['id'].
src/routes/_authenticated/admin.profissionais-conteudo.tsx(9,4356): error TS4111: Property 'published' comes from an index signature, so it must be accessed with ['published'].
src/routes/_authenticated/admin.profissionais-conteudo.tsx(9,4472): error TS4111: Property 'published' comes from an index signature, so it must be accessed with ['published'].
src/routes/_authenticated/admin.profissionais-conteudo.tsx(9,6178): error TS4111: Property 'id' comes from an index signature, so it must be accessed with ['id'].
src/routes/_authenticated/admin.profissionais-conteudo.tsx(9,6276): error TS4111: Property 'post_type' comes from an index signature, so it must be accessed with ['post_type'].
src/routes/_authenticated/admin.profissionais-conteudo.tsx(9,6292): error TS4111: Property 'locale' comes from an index signature, so it must be accessed with ['locale'].
src/routes/_authenticated/admin.profissionais-conteudo.tsx(9,6332): error TS4111: Property 'title' comes from an index signature, so it must be accessed with ['title'].
src/routes/_authenticated/admin.profissionais-conteudo.tsx(9,6396): error TS4111: Property 'body' comes from an index signature, so it must be accessed with ['body'].
src/routes/_authenticated/admin.profissionais-financeiro.tsx(9,453): error TS4111: Property 'config_key' comes from an index signature, so it must be accessed with ['config_key'].
src/routes/_authenticated/admin.profissionais-financeiro.tsx(9,533): error TS4111: Property 'config_key' comes from an index signature, so it must be accessed with ['config_key'].
src/routes/_authenticated/admin.profissionais-financeiro.tsx(9,733): error TS4111: Property 'id' comes from an index signature, so it must be accessed with ['id'].
src/routes/_authenticated/admin.profissionais-financeiro.tsx(9,746): error TS4111: Property 'amount_cents' comes from an index signature, so it must be accessed with ['amount_cents'].
src/routes/_authenticated/admin.profissionais-financeiro.tsx(9,882): error TS4111: Property 'id' comes from an index signature, so it must be accessed with ['id'].
src/routes/_authenticated/admin.profissionais-financeiro.tsx(9,932): error TS4111: Property 'id' comes from an index signature, so it must be accessed with ['id'].
src/routes/_authenticated/admin.profissionais-financeiro.tsx(9,2697): error TS4111: Property 'id' comes from an index signature, so it must be accessed with ['id'].
src/routes/_authenticated/admin.profissionais-financeiro.tsx(9,2786): error TS4111: Property 'market' comes from an index signature, so it must be accessed with ['market'].
src/routes/_authenticated/admin.profissionais-financeiro.tsx(9,2824): error TS4111: Property 'currency' comes from an index signature, so it must be accessed with ['currency'].
src/routes/_authenticated/admin.profissionais-financeiro.tsx(9,2880): error TS4111: Property 'name' comes from an index signature, so it must be accessed with ['name'].
src/routes/_authenticated/admin.profissionais-financeiro.tsx(9,3010): error TS4111: Property 'id' comes from an index signature, so it must be accessed with ['id'].
src/routes/_authenticated/admin.profissionais-financeiro.tsx(9,3058): error TS4111: Property 'id' comes from an index signature, so it must be accessed with ['id'].
src/routes/_authenticated/admin.profissionais-planos.tsx(9,387): error TS4111: Property 'id' comes from an index signature, so it must be accessed with ['id'].
src/routes/_authenticated/admin.profissionais-planos.tsx(9,407): error TS4111: Property 'amount_cents' comes from an index signature, so it must be accessed with ['amount_cents'].
src/routes/_authenticated/admin.profissionais-planos.tsx(9,607): error TS4111: Property 'id' comes from an index signature, so it must be accessed with ['id'].
src/routes/_authenticated/admin.profissionais-planos.tsx(9,714): error TS4111: Property 'name' comes from an index signature, so it must be accessed with ['name'].
src/routes/_authenticated/admin.profissionais-planos.tsx(9,736): error TS4111: Property 'id' comes from an index signature, so it must be accessed with ['id'].
src/routes/_authenticated/admin.profissionais-planos.tsx(9,1750): error TS4111: Property 'id' comes from an index signature, so it must be accessed with ['id'].
src/routes/_authenticated/admin.profissionais-planos.tsx(9,1793): error TS4111: Property 'plan_code' comes from an index signature, so it must be accessed with ['plan_code'].
src/routes/_authenticated/admin.profissionais-planos.tsx(9,1955): error TS4111: Property 'market' comes from an index signature, so it must be accessed with ['market'].
src/routes/_authenticated/admin.profissionais-planos.tsx(9,2034): error TS4111: Property 'name' comes from an index signature, so it must be accessed with ['name'].
src/routes/_authenticated/admin.profissionais-planos.tsx(9,2053): error TS4111: Property 'plan_code' comes from an index signature, so it must be accessed with ['plan_code'].
src/routes/_authenticated/admin.profissionais-planos.tsx(9,2267): error TS4111: Property 'currency' comes from an index signature, so it must be accessed with ['currency'].
src/routes/_authenticated/admin.profissionais-planos.tsx(9,2320): error TS4111: Property 'id' comes from an index signature, so it must be accessed with ['id'].
src/routes/_authenticated/admin.profissionais-planos.tsx(9,2366): error TS4111: Property 'id' comes from an index signature, so it must be accessed with ['id'].
src/routes/_authenticated/admin.profissionais-planos.tsx(9,2543): error TS4111: Property 'plan_code' comes from an index signature, so it must be accessed with ['plan_code'].
src/routes/_authenticated/admin.profissionais-repasses.tsx(17,247): error TS2375: Type '{ documentId: string; decision: "approve" | "reject"; rejectionReason: string | undefined; }' is not assignable to type '{ documentId: string; decision: "approve" | "reject"; rejectionReason?: string | null; }' with 'exactOptionalPropertyTypes: true'. Consider adding 'undefined' to the types of the target's properties.
  Types of property 'rejectionReason' are incompatible.
    Type 'string | undefined' is not assignable to type 'string | null'.
      Type 'undefined' is not assignable to type 'string | null'.
src/routes/_authenticated/admin.profissionais-repasses.tsx(19,54): error TS4111: Property 'id' comes from an index signature, so it must be accessed with ['id'].
src/routes/_authenticated/admin.profissionais-repasses.tsx(19,187): error TS4111: Property 'id' comes from an index signature, so it must be accessed with ['id'].
src/routes/_authenticated/admin.profissionais-repasses.tsx(19,235): error TS4111: Property 'id' comes from an index signature, so it must be accessed with ['id'].
src/routes/_authenticated/admin.profissionais-repasses.tsx(22,142): error TS4111: Property 'status' comes from an index signature, so it must be accessed with ['status'].
src/routes/_authenticated/admin.profissionais-repasses.tsx(22,303): error TS4111: Property 'status' comes from an index signature, so it must be accessed with ['status'].
src/routes/_authenticated/admin.profissionais-repasses.tsx(22,447): error TS4111: Property 'status' comes from an index signature, so it must be accessed with ['status'].
src/routes/_authenticated/admin.profissionais-repasses.tsx(22,529): error TS4111: Property 'status' comes from an index signature, so it must be accessed with ['status'].
src/routes/_authenticated/admin.profissionais-repasses.tsx(23,93): error TS4111: Property 'id' comes from an index signature, so it must be accessed with ['id'].
src/routes/_authenticated/admin.profissionais-repasses.tsx(23,147): error TS4111: Property 'professional_account_id' comes from an index signature, so it must be accessed with ['professional_account_id'].
src/routes/_authenticated/admin.profissionais-repasses.tsx(23,175): error TS4111: Property 'professional_account_id' comes from an index signature, so it must be accessed with ['professional_account_id'].
src/routes/_authenticated/admin.profissionais-repasses.tsx(23,202): error TS4111: Property 'currency' comes from an index signature, so it must be accessed with ['currency'].
src/routes/_authenticated/admin.profissionais-repasses.tsx(23,215): error TS4111: Property 'currency' comes from an index signature, so it must be accessed with ['currency'].
src/routes/_authenticated/admin.profissionais-repasses.tsx(23,248): error TS4111: Property 'id' comes from an index signature, so it must be accessed with ['id'].
src/routes/_authenticated/admin.profissionais-repasses.tsx(23,444): error TS4111: Property 'professional' comes from an index signature, so it must be accessed with ['professional'].
src/routes/_authenticated/admin.profissionais-repasses.tsx(23,545): error TS4111: Property 'period_start' comes from an index signature, so it must be accessed with ['period_start'].
src/routes/_authenticated/admin.profissionais-repasses.tsx(23,564): error TS4111: Property 'period_end' comes from an index signature, so it must be accessed with ['period_end'].
src/routes/_authenticated/admin.profissionais-repasses.tsx(23,581): error TS4111: Property 'currency' comes from an index signature, so it must be accessed with ['currency'].
src/routes/_authenticated/admin.profissionais-repasses.tsx(23,699): error TS4111: Property 'status' comes from an index signature, so it must be accessed with ['status'].
src/routes/_authenticated/admin.profissionais-repasses.tsx(23,710): error TS4111: Property 'status' comes from an index signature, so it must be accessed with ['status'].
src/routes/_authenticated/admin.profissionais-repasses.tsx(24,106): error TS4111: Property 'gross_cents' comes from an index signature, so it must be accessed with ['gross_cents'].
src/routes/_authenticated/admin.profissionais-repasses.tsx(24,120): error TS4111: Property 'currency' comes from an index signature, so it must be accessed with ['currency'].
src/routes/_authenticated/admin.profissionais-repasses.tsx(24,178): error TS4111: Property 'platform_fee_cents' comes from an index signature, so it must be accessed with ['platform_fee_cents'].
src/routes/_authenticated/admin.profissionais-repasses.tsx(24,199): error TS4111: Property 'currency' comes from an index signature, so it must be accessed with ['currency'].
src/routes/_authenticated/admin.profissionais-repasses.tsx(24,261): error TS4111: Property 'net_cents' comes from an index signature, so it must be accessed with ['net_cents'].
src/routes/_authenticated/admin.profissionais-repasses.tsx(24,273): error TS4111: Property 'currency' comes from an index signature, so it must be accessed with ['currency'].
src/routes/_authenticated/admin.profissionais-repasses.tsx(24,355): error TS4111: Property 'currency' comes from an index signature, so it must be accessed with ['currency'].
src/routes/_authenticated/admin.profissionais-repasses.tsx(25,261): error TS4111: Property 'id' comes from an index signature, so it must be accessed with ['id'].
src/routes/_authenticated/admin.profissionais-repasses.tsx(25,414): error TS4111: Property 'original_filename' comes from an index signature, so it must be accessed with ['original_filename'].
src/routes/_authenticated/admin.profissionais-repasses.tsx(25,435): error TS4111: Property 'document_type' comes from an index signature, so it must be accessed with ['document_type'].
src/routes/_authenticated/admin.profissionais-repasses.tsx(25,501): error TS4111: Property 'document_type' comes from an index signature, so it must be accessed with ['document_type'].
src/routes/_authenticated/admin.profissionais-repasses.tsx(25,541): error TS4111: Property 'uploaded_at' comes from an index signature, so it must be accessed with ['uploaded_at'].
src/routes/_authenticated/admin.profissionais-repasses.tsx(25,577): error TS4111: Property 'status' comes from an index signature, so it must be accessed with ['status'].
src/routes/_authenticated/admin.profissionais-repasses.tsx(25,591): error TS4111: Property 'rejection_reason' comes from an index signature, so it must be accessed with ['rejection_reason'].
src/routes/_authenticated/admin.profissionais-repasses.tsx(25,657): error TS4111: Property 'rejection_reason' comes from an index signature, so it must be accessed with ['rejection_reason'].
src/routes/_authenticated/admin.profissionais-repasses.tsx(25,754): error TS4111: Property 'id' comes from an index signature, so it must be accessed with ['id'].
src/routes/_authenticated/admin.profissionais-repasses.tsx(25,834): error TS4111: Property 'status' comes from an index signature, so it must be accessed with ['status'].
src/routes/_authenticated/admin.profissionais-repasses.tsx(25,901): error TS4111: Property 'id' comes from an index signature, so it must be accessed with ['id'].
src/routes/_authenticated/admin.profissionais-repasses.tsx(25,1023): error TS4111: Property 'status' comes from an index signature, so it must be accessed with ['status'].
src/routes/_authenticated/admin.profissionais-repasses.tsx(25,1090): error TS4111: Property 'id' comes from an index signature, so it must be accessed with ['id'].
src/routes/_authenticated/admin.profissionais-repasses.tsx(26,41): error TS4111: Property 'status' comes from an index signature, so it must be accessed with ['status'].
src/routes/_authenticated/admin.profissionais-repasses.tsx(26,128): error TS4111: Property 'id' comes from an index signature, so it must be accessed with ['id'].
src/routes/_authenticated/admin.profissionais-repasses.tsx(26,258): error TS4111: Property 'status' comes from an index signature, so it must be accessed with ['status'].
src/routes/_authenticated/admin.profissionais-repasses.tsx(26,654): error TS4111: Property 'id' comes from an index signature, so it must be accessed with ['id'].
src/routes/_authenticated/admin.profissionais-repasses.tsx(26,706): error TS4111: Property 'id' comes from an index signature, so it must be accessed with ['id'].
src/routes/_authenticated/admin.profissionais-repasses.tsx(26,865): error TS4111: Property 'id' comes from an index signature, so it must be accessed with ['id'].
src/routes/_authenticated/admin.profissionais-repasses.tsx(26,917): error TS4111: Property 'id' comes from an index signature, so it must be accessed with ['id'].
src/routes/_authenticated/admin.profissionais-repasses.tsx(26,1401): error TS4111: Property 'status' comes from an index signature, so it must be accessed with ['status'].
src/routes/_authenticated/admin.profissionais-repasses.tsx(26,1496): error TS4111: Property 'paid_at' comes from an index signature, so it must be accessed with ['paid_at'].
src/routes/_authenticated/admin.profissionais-repasses.tsx(26,1515): error TS4111: Property 'paid_at' comes from an index signature, so it must be accessed with ['paid_at'].
src/routes/_authenticated/admin.profissionais-repasses.tsx(26,1551): error TS4111: Property 'payment_method' comes from an index signature, so it must be accessed with ['payment_method'].
src/routes/_authenticated/admin.profissionais-repasses.tsx(26,1588): error TS4111: Property 'payment_reference' comes from an index signature, so it must be accessed with ['payment_reference'].
src/routes/_authenticated/admin.profissionais-servicos.tsx(10,1352): error TS4111: Property 'professional_profiles' comes from an index signature, so it must be accessed with ['professional_profiles'].
src/routes/_authenticated/admin.profissionais-servicos.tsx(10,1377): error TS4111: Property 'professional_profiles' comes from an index signature, so it must be accessed with ['professional_profiles'].
src/routes/_authenticated/admin.profissionais-servicos.tsx(10,1404): error TS4111: Property 'professional_profiles' comes from an index signature, so it must be accessed with ['professional_profiles'].
src/routes/_authenticated/admin.profissionais-servicos.tsx(10,1444): error TS4111: Property 'id' comes from an index signature, so it must be accessed with ['id'].
src/routes/_authenticated/admin.profissionais-servicos.tsx(10,1631): error TS4111: Property 'name' comes from an index signature, so it must be accessed with ['name'].
src/routes/_authenticated/admin.profissionais-servicos.tsx(10,1679): error TS4111: Property 'modality' comes from an index signature, so it must be accessed with ['modality'].
src/routes/_authenticated/admin.profissionais-servicos.tsx(10,1706): error TS4111: Property 'price_cents' comes from an index signature, so it must be accessed with ['price_cents'].
src/routes/_authenticated/admin.profissionais-servicos.tsx(10,1720): error TS4111: Property 'currency' comes from an index signature, so it must be accessed with ['currency'].
src/routes/_authenticated/admin.profissionais-servicos.tsx(10,1810): error TS4111: Property 'approval_status' comes from an index signature, so it must be accessed with ['approval_status'].
src/routes/_authenticated/admin.profissionais-servicos.tsx(10,1897): error TS4111: Property 'id' comes from an index signature, so it must be accessed with ['id'].
src/routes/_authenticated/admin.profissionais-servicos.tsx(10,1930): error TS4111: Property 'id' comes from an index signature, so it must be accessed with ['id'].
src/routes/_authenticated/admin.profissionais-servicos.tsx(10,1970): error TS4111: Property 'id' comes from an index signature, so it must be accessed with ['id'].
src/routes/_authenticated/admin.profissionais-servicos.tsx(10,2257): error TS4111: Property 'id' comes from an index signature, so it must be accessed with ['id'].
src/routes/_authenticated/admin.profissionais-servicos.tsx(10,2290): error TS4111: Property 'id' comes from an index signature, so it must be accessed with ['id'].
src/routes/_authenticated/admin.profissionais-servicos.tsx(10,2330): error TS4111: Property 'id' comes from an index signature, so it must be accessed with ['id'].
src/routes/_authenticated/admin.profissionais.tsx(85,30): error TS4111: Property 'config_key' comes from an index signature, so it must be accessed with ['config_key'].
src/routes/_authenticated/admin.profissionais.tsx(88,30): error TS4111: Property 'config_key' comes from an index signature, so it must be accessed with ['config_key'].
src/routes/_authenticated/admin.profissionais.tsx(103,26): error TS4111: Property 'status' comes from an index signature, so it must be accessed with ['status'].
src/routes/_authenticated/admin.profissionais.tsx(103,55): error TS4111: Property 'status' comes from an index signature, so it must be accessed with ['status'].
src/routes/_authenticated/admin.profissionais.tsx(105,66): error TS4111: Property 'gross_amount_cents' comes from an index signature, so it must be accessed with ['gross_amount_cents'].
src/routes/_authenticated/admin.profissionais.tsx(106,66): error TS4111: Property 'platform_fee_cents' comes from an index signature, so it must be accessed with ['platform_fee_cents'].
src/routes/_authenticated/admin.profissionais.tsx(114,26): error TS4111: Property 'id' comes from an index signature, so it must be accessed with ['id'].
src/routes/_authenticated/admin.profissionais.tsx(115,22): error TS4111: Property 'account' comes from an index signature, so it must be accessed with ['account'].
src/routes/_authenticated/admin.profissionais.tsx(116,28): error TS4111: Property 'display_name' comes from an index signature, so it must be accessed with ['display_name'].
src/routes/_authenticated/admin.profissionais.tsx(117,34): error TS4111: Property 'professional_title' comes from an index signature, so it must be accessed with ['professional_title'].
src/routes/_authenticated/admin.profissionais.tsx(118,21): error TS4111: Property 'slug' comes from an index signature, so it must be accessed with ['slug'].
src/routes/_authenticated/admin.profissionais.tsx(119,27): error TS4111: Property 'category_id' comes from an index signature, so it must be accessed with ['category_id'].
src/routes/_authenticated/admin.profissionais.tsx(120,28): error TS4111: Property 'country_code' comes from an index signature, so it must be accessed with ['country_code'].
src/routes/_authenticated/admin.profissionais.tsx(121,21): error TS4111: Property 'city' comes from an index signature, so it must be accessed with ['city'].
src/routes/_authenticated/admin.profissionais.tsx(122,27): error TS4111: Property 'languages' comes from an index signature, so it must be accessed with ['languages'].
src/routes/_authenticated/admin.profissionais.tsx(123,38): error TS4111: Property 'online_enabled' comes from an index signature, so it must be accessed with ['online_enabled'].
src/routes/_authenticated/admin.profissionais.tsx(124,40): error TS4111: Property 'in_person_enabled' comes from an index signature, so it must be accessed with ['in_person_enabled'].
src/routes/_authenticated/admin.profissionais.tsx(125,32): error TS4111: Property 'account' comes from an index signature, so it must be accessed with ['account'].
src/routes/_authenticated/admin.profissionais.tsx(126,48): error TS4111: Property 'account' comes from an index signature, so it must be accessed with ['account'].
src/routes/_authenticated/admin.profissionais.tsx(127,32): error TS4111: Property 'is_public' comes from an index signature, so it must be accessed with ['is_public'].
src/routes/_authenticated/admin.profissionais.tsx(127,53): error TS4111: Property 'profile_status' comes from an index signature, so it must be accessed with ['profile_status'].
src/routes/_authenticated/admin.profissionais.tsx(141,9): error TS2375: Type '{ profileId: string | undefined; email: string | undefined; displayName: string; professionalTitle: string; slug: string | undefined; categoryId: string; countryCode: string; city: string | undefined; ... 5 more ...; publish: boolean; }' is not assignable to type '{ profileId?: string; email?: string; displayName: string; professionalTitle: string; slug?: string; categoryId: string; countryCode: string; city?: string; languages?: string[]; onlineEnabled?: boolean; inPersonEnabled?: boolean; engagementModel: "subscription" | ... 1 more ... | "exempt"; commissionPercent?: numbe...' with 'exactOptionalPropertyTypes: true'. Consider adding 'undefined' to the types of the target's properties.
  Types of property 'profileId' are incompatible.
    Type 'string | undefined' is not assignable to type 'string'.
      Type 'undefined' is not assignable to type 'string'.
src/routes/_authenticated/admin.profissionais.tsx(218,42): error TS4111: Property 'professional_account_id' comes from an index signature, so it must be accessed with ['professional_account_id'].
src/routes/_authenticated/admin.profissionais.tsx(221,29): error TS4111: Property 'account' comes from an index signature, so it must be accessed with ['account'].
src/routes/_authenticated/admin.profissionais.tsx(264,50): error TS4111: Property 'profile_status' comes from an index signature, so it must be accessed with ['profile_status'].
src/routes/_authenticated/admin.profissionais.tsx(264,89): error TS4111: Property 'is_public' comes from an index signature, so it must be accessed with ['is_public'].
src/routes/_authenticated/admin.profissionais.tsx(271,52): error TS4111: Property 'status' comes from an index signature, so it must be accessed with ['status'].
src/routes/_authenticated/admin.profissionais.tsx(350,41): error TS4111: Property 'id' comes from an index signature, so it must be accessed with ['id'].
src/routes/_authenticated/admin.profissionais.tsx(350,61): error TS4111: Property 'id' comes from an index signature, so it must be accessed with ['id'].
src/routes/_authenticated/admin.profissionais.tsx(351,31): error TS4111: Property 'name_pt' comes from an index signature, so it must be accessed with ['name_pt'].
src/routes/_authenticated/admin.profissionais.tsx(475,28): error TS4111: Property 'id' comes from an index signature, so it must be accessed with ['id'].
src/routes/_authenticated/admin.profissionais.tsx(476,68): error TS4111: Property 'market' comes from an index signature, so it must be accessed with ['market'].
src/routes/_authenticated/admin.profissionais.tsx(477,46): error TS4111: Property 'name' comes from an index signature, so it must be accessed with ['name'].
src/routes/_authenticated/admin.profissionais.tsx(479,29): error TS4111: Property 'amount_cents' comes from an index signature, so it must be accessed with ['amount_cents'].
src/routes/_authenticated/admin.profissionais.tsx(479,48): error TS4111: Property 'currency' comes from an index signature, so it must be accessed with ['currency'].
src/routes/_authenticated/admin.profissionais.tsx(503,34): error TS4111: Property 'id' comes from an index signature, so it must be accessed with ['id'].
src/routes/_authenticated/admin.profissionais.tsx(505,38): error TS4111: Property 'display_name' comes from an index signature, so it must be accessed with ['display_name'].
src/routes/_authenticated/admin.profissionais.tsx(507,32): error TS4111: Property 'professional_title' comes from an index signature, so it must be accessed with ['professional_title'].
src/routes/_authenticated/admin.profissionais.tsx(509,75): error TS4111: Property 'account' comes from an index signature, so it must be accessed with ['account'].
src/routes/_authenticated/admin.profissionais.tsx(511,32): error TS4111: Property 'country_code' comes from an index signature, so it must be accessed with ['country_code'].
src/routes/_authenticated/admin.profissionais.tsx(513,41): error TS4111: Property 'account' comes from an index signature, so it must be accessed with ['account'].
src/routes/_authenticated/admin.profissionais.tsx(514,30): error TS4111: Property 'account' comes from an index signature, so it must be accessed with ['account'].
src/routes/_authenticated/admin.profissionais.tsx(516,41): error TS4111: Property 'account' comes from an index signature, so it must be accessed with ['account'].
src/routes/_authenticated/admin.profissionais.tsx(520,32): error TS4111: Property 'account' comes from an index signature, so it must be accessed with ['account'].
src/routes/_authenticated/admin.profissionais.tsx(521,32): error TS4111: Property 'compliance_status' comes from an index signature, so it must be accessed with ['compliance_status'].
src/routes/_authenticated/admin.profissionais.tsx(523,30): error TS4111: Property 'profile_status' comes from an index signature, so it must be accessed with ['profile_status'].
src/routes/_authenticated/admin.profissionais.tsx(524,30): error TS4111: Property 'is_public' comes from an index signature, so it must be accessed with ['is_public'].
src/routes/_authenticated/admin.profissionais.tsx(526,32): error TS4111: Property 'subscription' comes from an index signature, so it must be accessed with ['subscription'].
src/routes/_authenticated/admin.profissionais.tsx(539,57): error TS4111: Property 'id' comes from an index signature, so it must be accessed with ['id'].
src/routes/_authenticated/admin.profissionais.tsx(546,57): error TS4111: Property 'id' comes from an index signature, so it must be accessed with ['id'].
src/routes/_authenticated/admin.profissionais.tsx(553,57): error TS4111: Property 'id' comes from an index signature, so it must be accessed with ['id'].
src/routes/_authenticated/admin.profissionais.tsx(576,78): error TS4111: Property 'currency' comes from an index signature, so it must be accessed with ['currency'].
src/routes/_authenticated/admin.profissionais.tsx(577,72): error TS4111: Property 'currency' comes from an index signature, so it must be accessed with ['currency'].
src/routes/_authenticated/painel-profissional.disponibilidade.tsx(137,76): error TS4111: Property 'id' comes from an index signature, so it must be accessed with ['id'].
src/routes/_authenticated/painel-profissional.disponibilidade.tsx(137,90): error TS4111: Property 'name' comes from an index signature, so it must be accessed with ['name'].
src/routes/_authenticated/painel-profissional.disponibilidade.tsx(156,49): error TS4111: Property 'id' comes from an index signature, so it must be accessed with ['id'].
src/routes/_authenticated/painel-profissional.disponibilidade.tsx(156,62): error TS4111: Property 'id' comes from an index signature, so it must be accessed with ['id'].
src/routes/_authenticated/painel-profissional.disponibilidade.tsx(156,69): error TS4111: Property 'name' comes from an index signature, so it must be accessed with ['name'].
src/routes/_authenticated/painel-profissional.disponibilidade.tsx(156,77): error TS4111: Property 'booking_enabled' comes from an index signature, so it must be accessed with ['booking_enabled'].
src/routes/_authenticated/painel-profissional.disponibilidade.tsx(186,286): error TS4111: Property 'id' comes from an index signature, so it must be accessed with ['id'].
src/routes/_authenticated/painel-profissional.disponibilidade.tsx(189,43): error TS4111: Property 'professional_service_id' comes from an index signature, so it must be accessed with ['professional_service_id'].
src/routes/_authenticated/painel-profissional.disponibilidade.tsx(189,97): error TS4111: Property 'professional_service_id' comes from an index signature, so it must be accessed with ['professional_service_id'].
src/routes/_authenticated/painel-profissional.disponibilidade.tsx(190,85): error TS4111: Property 'weekday' comes from an index signature, so it must be accessed with ['weekday'].
src/routes/_authenticated/painel-profissional.disponibilidade.tsx(190,110): error TS4111: Property 'start_time' comes from an index signature, so it must be accessed with ['start_time'].
src/routes/_authenticated/painel-profissional.disponibilidade.tsx(190,146): error TS4111: Property 'end_time' comes from an index signature, so it must be accessed with ['end_time'].
src/routes/_authenticated/painel-profissional.disponibilidade.tsx(191,68): error TS4111: Property 'timezone' comes from an index signature, so it must be accessed with ['timezone'].
src/routes/_authenticated/painel-profissional.disponibilidade.tsx(191,85): error TS4111: Property 'slot_interval_minutes' comes from an index signature, so it must be accessed with ['slot_interval_minutes'].
src/routes/_authenticated/painel-profissional.disponibilidade.tsx(191,119): error TS4111: Property 'modality' comes from an index signature, so it must be accessed with ['modality'].
src/routes/_authenticated/painel-profissional.disponibilidade.tsx(191,158): error TS4111: Property 'modality' comes from an index signature, so it must be accessed with ['modality'].
src/routes/_authenticated/painel-profissional.disponibilidade.tsx(191,210): error TS4111: Property 'location_label' comes from an index signature, so it must be accessed with ['location_label'].
src/routes/_authenticated/painel-profissional.disponibilidade.tsx(191,237): error TS4111: Property 'location_label' comes from an index signature, so it must be accessed with ['location_label'].
src/routes/_authenticated/painel-profissional.disponibilidade.tsx(193,73): error TS4111: Property 'id' comes from an index signature, so it must be accessed with ['id'].
src/routes/_authenticated/painel-profissional.empresas.tsx(74,88): error TS4111: Property 'id' comes from an index signature, so it must be accessed with ['id'].
src/routes/_authenticated/painel-profissional.empresas.tsx(79,67): error TS4111: Property 'id' comes from an index signature, so it must be accessed with ['id'].
src/routes/_authenticated/painel-profissional.empresas.tsx(80,58): error TS4111: Property 'organization_id' comes from an index signature, so it must be accessed with ['organization_id'].
src/routes/_authenticated/painel-profissional.empresas.tsx(81,62): error TS4111: Property 'organization_id' comes from an index signature, so it must be accessed with ['organization_id'].
src/routes/_authenticated/painel-profissional.empresas.tsx(82,60): error TS4111: Property 'organization_id' comes from an index signature, so it must be accessed with ['organization_id'].
src/routes/_authenticated/painel-profissional.empresas.tsx(83,64): error TS4111: Property 'catalog_key' comes from an index signature, so it must be accessed with ['catalog_key'].
src/routes/_authenticated/painel-profissional.empresas.tsx(83,78): error TS4111: Property 'name' comes from an index signature, so it must be accessed with ['name'].
src/routes/_authenticated/painel-profissional.empresas.tsx(92,279): error TS4111: Property 'id' comes from an index signature, so it must be accessed with ['id'].
src/routes/_authenticated/painel-profissional.empresas.tsx(92,292): error TS4111: Property 'id' comes from an index signature, so it must be accessed with ['id'].
src/routes/_authenticated/painel-profissional.empresas.tsx(92,299): error TS4111: Property 'name' comes from an index signature, so it must be accessed with ['name'].
src/routes/_authenticated/painel-profissional.empresas.tsx(94,287): error TS4111: Property 'id' comes from an index signature, so it must be accessed with ['id'].
src/routes/_authenticated/painel-profissional.empresas.tsx(94,467): error TS4111: Property 'full_name' comes from an index signature, so it must be accessed with ['full_name'].
src/routes/_authenticated/painel-profissional.empresas.tsx(94,539): error TS4111: Property 'email' comes from an index signature, so it must be accessed with ['email'].
src/routes/_authenticated/painel-profissional.empresas.tsx(94,548): error TS4111: Property 'department' comes from an index signature, so it must be accessed with ['department'].
src/routes/_authenticated/painel-profissional.empresas.tsx(94,567): error TS4111: Property 'department' comes from an index signature, so it must be accessed with ['department'].
src/routes/_authenticated/painel-profissional.empresas.tsx(94,679): error TS4111: Property 'portal_active' comes from an index signature, so it must be accessed with ['portal_active'].
src/routes/_authenticated/painel-profissional.empresas.tsx(95,293): error TS4111: Property 'id' comes from an index signature, so it must be accessed with ['id'].
src/routes/_authenticated/painel-profissional.empresas.tsx(95,399): error TS4111: Property 'catalog_key' comes from an index signature, so it must be accessed with ['catalog_key'].
src/routes/_authenticated/painel-profissional.empresas.tsx(95,481): error TS4111: Property 'quantity' comes from an index signature, so it must be accessed with ['quantity'].
src/routes/_authenticated/painel-profissional.empresas.tsx(95,526): error TS4111: Property 'created_at' comes from an index signature, so it must be accessed with ['created_at'].
src/routes/_authenticated/painel-profissional.empresas.tsx(95,683): error TS4111: Property 'status' comes from an index signature, so it must be accessed with ['status'].
src/routes/_authenticated/painel-profissional.empresas.tsx(97,348): error TS4111: Property 'id' comes from an index signature, so it must be accessed with ['id'].
src/routes/_authenticated/painel-profissional.empresas.tsx(97,355): error TS4111: Property 'member_id' comes from an index signature, so it must be accessed with ['member_id'].
src/routes/_authenticated/painel-profissional.empresas.tsx(97,400): error TS4111: Property 'credits_granted' comes from an index signature, so it must be accessed with ['credits_granted'].
src/routes/_authenticated/painel-profissional.empresas.tsx(97,426): error TS4111: Property 'credits_used' comes from an index signature, so it must be accessed with ['credits_used'].
src/routes/_authenticated/painel-profissional.empresas.tsx(97,462): error TS4111: Property 'id' comes from an index signature, so it must be accessed with ['id'].
src/routes/_authenticated/painel-profissional.empresas.tsx(97,757): error TS4111: Property 'catalog_key' comes from an index signature, so it must be accessed with ['catalog_key'].
src/routes/_authenticated/painel-profissional.empresas.tsx(97,878): error TS4111: Property 'status' comes from an index signature, so it must be accessed with ['status'].
src/routes/_authenticated/painel-profissional.empresas.tsx(97,976): error TS4111: Property 'credits_granted' comes from an index signature, so it must be accessed with ['credits_granted'].
src/routes/_authenticated/painel-profissional.empresas.tsx(97,1064): error TS4111: Property 'credits_used' comes from an index signature, so it must be accessed with ['credits_used'].
src/routes/_authenticated/painel-profissional.empresas.tsx(97,1101): error TS4111: Property 'status' comes from an index signature, so it must be accessed with ['status'].
src/routes/_authenticated/painel-profissional.empresas.tsx(97,1166): error TS4111: Property 'id' comes from an index signature, so it must be accessed with ['id'].
src/routes/_authenticated/painel-profissional.empresas.tsx(97,1201): error TS4111: Property 'id' comes from an index signature, so it must be accessed with ['id'].
src/routes/_authenticated/painel-profissional.empresas.tsx(97,1250): error TS4111: Property 'id' comes from an index signature, so it must be accessed with ['id'].
src/routes/_authenticated/painel-profissional.empresas.tsx(97,1624): error TS4111: Property 'id' comes from an index signature, so it must be accessed with ['id'].
src/routes/_authenticated/painel-profissional.notificacoes.tsx(25,692): error TS4111: Property 'id' comes from an index signature, so it must be accessed with ['id'].
src/routes/_authenticated/painel-profissional.notificacoes.tsx(25,877): error TS4111: Property 'subject' comes from an index signature, so it must be accessed with ['subject'].
src/routes/_authenticated/painel-profissional.notificacoes.tsx(25,888): error TS4111: Property 'event_type' comes from an index signature, so it must be accessed with ['event_type'].
src/routes/_authenticated/painel-profissional.notificacoes.tsx(25,977): error TS4111: Property 'body' comes from an index signature, so it must be accessed with ['body'].
src/routes/_authenticated/painel-profissional.notificacoes.tsx(25,1052): error TS4111: Property 'created_at' comes from an index signature, so it must be accessed with ['created_at'].
src/routes/_authenticated/painel-profissional.notificacoes.tsx(25,1066): error TS4111: Property 'scheduled_for' comes from an index signature, so it must be accessed with ['scheduled_for'].
src/routes/_authenticated/painel-profissional.notificacoes.tsx(33,28): error TS4111: Property 'full_name' comes from an index signature, so it must be accessed with ['full_name'].
src/routes/_authenticated/painel-profissional.notificacoes.tsx(33,41): error TS4111: Property 'name' comes from an index signature, so it must be accessed with ['name'].
src/routes/_authenticated/painel-profissional.notificacoes.tsx(33,49): error TS4111: Property 'email' comes from an index signature, so it must be accessed with ['email'].
src/routes/_authenticated/painel-profissional.notificacoes.tsx(33,58): error TS4111: Property 'billing_email' comes from an index signature, so it must be accessed with ['billing_email'].
src/routes/_authenticated/painel-profissional.notificacoes.tsx(33,107): error TS4111: Property 'email' comes from an index signature, so it must be accessed with ['email'].
src/routes/_authenticated/painel-profissional.notificacoes.tsx(33,116): error TS4111: Property 'billing_email' comes from an index signature, so it must be accessed with ['billing_email'].
src/routes/_authenticated/painel-profissional.notificacoes.tsx(33,132): error TS4111: Property 'phone' comes from an index signature, so it must be accessed with ['phone'].
src/routes/_authenticated/painel-profissional.notificacoes.tsx(34,67): error TS4111: Property 'id' comes from an index signature, so it must be accessed with ['id'].
src/routes/_authenticated/painel-profissional.notificacoes.tsx(34,139): error TS4111: Property 'id' comes from an index signature, so it must be accessed with ['id'].
src/routes/_authenticated/painel-profissional.notificacoes.tsx(34,208): error TS4111: Property 'catalog_key' comes from an index signature, so it must be accessed with ['catalog_key'].
src/routes/_authenticated/painel-profissional.notificacoes.tsx(34,222): error TS4111: Property 'name' comes from an index signature, so it must be accessed with ['name'].
src/routes/_authenticated/painel-profissional.notificacoes.tsx(37,592): error TS4111: Property 'member_id' comes from an index signature, so it must be accessed with ['member_id'].
src/routes/_authenticated/painel-profissional.notificacoes.tsx(37,638): error TS4111: Property 'organization_id' comes from an index signature, so it must be accessed with ['organization_id'].
src/routes/_authenticated/painel-profissional.notificacoes.tsx(37,692): error TS4111: Property 'id' comes from an index signature, so it must be accessed with ['id'].
src/routes/_authenticated/painel-profissional.notificacoes.tsx(37,705): error TS4111: Property 'scheduled_at' comes from an index signature, so it must be accessed with ['scheduled_at'].
src/routes/_authenticated/painel-profissional.notificacoes.tsx(37,729): error TS4111: Property 'scheduled_at' comes from an index signature, so it must be accessed with ['scheduled_at'].
src/routes/_authenticated/painel-profissional.notificacoes.tsx(37,779): error TS4111: Property 'scheduled_note' comes from an index signature, so it must be accessed with ['scheduled_note'].
src/routes/_authenticated/painel-profissional.notificacoes.tsx(37,818): error TS4111: Property 'id' comes from an index signature, so it must be accessed with ['id'].
src/routes/_authenticated/painel-profissional.notificacoes.tsx(37,898): error TS4111: Property 'full_name' comes from an index signature, so it must be accessed with ['full_name'].
src/routes/_authenticated/painel-profissional.notificacoes.tsx(37,978): error TS4111: Property 'name' comes from an index signature, so it must be accessed with ['name'].
src/routes/_authenticated/painel-profissional.notificacoes.tsx(37,1019): error TS4111: Property 'catalog_key' comes from an index signature, so it must be accessed with ['catalog_key'].
src/routes/_authenticated/painel-profissional.notificacoes.tsx(37,1035): error TS4111: Property 'catalog_key' comes from an index signature, so it must be accessed with ['catalog_key'].
src/routes/_authenticated/painel-profissional.notificacoes.tsx(37,1141): error TS4111: Property 'status' comes from an index signature, so it must be accessed with ['status'].
src/routes/_authenticated/painel-profissional.notificacoes.tsx(37,1170): error TS4111: Property 'credits_granted' comes from an index signature, so it must be accessed with ['credits_granted'].
src/routes/_authenticated/painel-profissional.notificacoes.tsx(37,1196): error TS4111: Property 'credits_used' comes from an index signature, so it must be accessed with ['credits_used'].
src/routes/_authenticated/painel-profissional.notificacoes.tsx(37,1390): error TS4111: Property 'id' comes from an index signature, so it must be accessed with ['id'].
src/routes/_authenticated/painel-profissional.notificacoes.tsx(37,1562): error TS4111: Property 'id' comes from an index signature, so it must be accessed with ['id'].
src/routes/_authenticated/painel-profissional.notificacoes.tsx(37,1692): error TS4111: Property 'id' comes from an index signature, so it must be accessed with ['id'].
src/routes/_authenticated/painel-profissional.notificacoes.tsx(37,1742): error TS4111: Property 'id' comes from an index signature, so it must be accessed with ['id'].
src/routes/_authenticated/painel-profissional.notificacoes.tsx(37,1786): error TS4111: Property 'id' comes from an index signature, so it must be accessed with ['id'].
src/routes/_authenticated/painel-profissional.notificacoes.tsx(37,2178): error TS4111: Property 'id' comes from an index signature, so it must be accessed with ['id'].
src/routes/_authenticated/painel-profissional.notificacoes.tsx(38,841): error TS4111: Property 'id' comes from an index signature, so it must be accessed with ['id'].
src/routes/_authenticated/painel-profissional.notificacoes.tsx(38,1149): error TS4111: Property 'id' comes from an index signature, so it must be accessed with ['id'].
src/routes/_authenticated/painel-profissional.notificacoes.tsx(38,1305): error TS4111: Property 'id' comes from an index signature, so it must be accessed with ['id'].
src/routes/_authenticated/painel-profissional.notificacoes.tsx(38,1363): error TS4111: Property 'id' comes from an index signature, so it must be accessed with ['id'].
src/routes/_authenticated/painel-profissional.notificacoes.tsx(38,1387): error TS4111: Property 'id' comes from an index signature, so it must be accessed with ['id'].
src/routes/_authenticated/painel-profissional.notificacoes.tsx(40,285): error TS4111: Property 'id' comes from an index signature, so it must be accessed with ['id'].
src/routes/_authenticated/painel-profissional.notificacoes.tsx(40,453): error TS4111: Property 'subject' comes from an index signature, so it must be accessed with ['subject'].
src/routes/_authenticated/painel-profissional.notificacoes.tsx(40,464): error TS4111: Property 'event_type' comes from an index signature, so it must be accessed with ['event_type'].
src/routes/_authenticated/painel-profissional.notificacoes.tsx(40,545): error TS4111: Property 'body' comes from an index signature, so it must be accessed with ['body'].
src/routes/_authenticated/painel-profissional.notificacoes.tsx(40,659): error TS4111: Property 'channel' comes from an index signature, so it must be accessed with ['channel'].
src/routes/_authenticated/painel-profissional.notificacoes.tsx(40,673): error TS4111: Property 'status' comes from an index signature, so it must be accessed with ['status'].
src/routes/_authenticated/painel-profissional.notificacoes.tsx(40,741): error TS4111: Property 'created_at' comes from an index signature, so it must be accessed with ['created_at'].
src/routes/_authenticated/painel-profissional.rede-avaliacoes.tsx(8,1083): error TS4111: Property 'id' comes from an index signature, so it must be accessed with ['id'].
src/routes/_authenticated/painel-profissional.rede-avaliacoes.tsx(8,1229): error TS4111: Property 'professional_profiles' comes from an index signature, so it must be accessed with ['professional_profiles'].
src/routes/_authenticated/painel-profissional.rede-avaliacoes.tsx(8,1334): error TS4111: Property 'rating' comes from an index signature, so it must be accessed with ['rating'].
src/routes/_authenticated/painel-profissional.rede-avaliacoes.tsx(8,1428): error TS4111: Property 'status' comes from an index signature, so it must be accessed with ['status'].
src/routes/_authenticated/painel-profissional.rede-avaliacoes.tsx(8,1511): error TS4111: Property 'body' comes from an index signature, so it must be accessed with ['body'].
src/routes/_authenticated/painel-profissional.rede-avaliacoes.tsx(8,1574): error TS4111: Property 'verified_booking' comes from an index signature, so it must be accessed with ['verified_booking'].
src/routes/_authenticated/painel-profissional.rede-avaliacoes.tsx(8,1767): error TS4111: Property 'created_at' comes from an index signature, so it must be accessed with ['created_at'].
src/routes/_authenticated/painel-profissional.rede-avaliacoes.tsx(8,1812): error TS4111: Property 'status' comes from an index signature, so it must be accessed with ['status'].
src/routes/_authenticated/painel-profissional.rede-avaliacoes.tsx(8,1891): error TS4111: Property 'id' comes from an index signature, so it must be accessed with ['id'].
src/routes/_authenticated/painel-profissional.rede-avaliacoes.tsx(8,1919): error TS4111: Property 'id' comes from an index signature, so it must be accessed with ['id'].
src/routes/_authenticated/painel-profissional.rede-avaliacoes.tsx(8,2067): error TS4111: Property 'id' comes from an index signature, so it must be accessed with ['id'].
src/routes/_authenticated/painel-profissional.rede-avaliacoes.tsx(8,2095): error TS4111: Property 'id' comes from an index signature, so it must be accessed with ['id'].
src/routes/_authenticated/painel-profissional.rede-planos.tsx(9,387): error TS4111: Property 'id' comes from an index signature, so it must be accessed with ['id'].
src/routes/_authenticated/painel-profissional.rede-planos.tsx(9,407): error TS4111: Property 'amount_cents' comes from an index signature, so it must be accessed with ['amount_cents'].
src/routes/_authenticated/painel-profissional.rede-planos.tsx(9,607): error TS4111: Property 'id' comes from an index signature, so it must be accessed with ['id'].
src/routes/_authenticated/painel-profissional.rede-planos.tsx(9,714): error TS4111: Property 'name' comes from an index signature, so it must be accessed with ['name'].
src/routes/_authenticated/painel-profissional.rede-planos.tsx(9,736): error TS4111: Property 'id' comes from an index signature, so it must be accessed with ['id'].
src/routes/_authenticated/painel-profissional.rede-planos.tsx(9,1750): error TS4111: Property 'id' comes from an index signature, so it must be accessed with ['id'].
src/routes/_authenticated/painel-profissional.rede-planos.tsx(9,1793): error TS4111: Property 'plan_code' comes from an index signature, so it must be accessed with ['plan_code'].
src/routes/_authenticated/painel-profissional.rede-planos.tsx(9,1955): error TS4111: Property 'market' comes from an index signature, so it must be accessed with ['market'].
src/routes/_authenticated/painel-profissional.rede-planos.tsx(9,2034): error TS4111: Property 'name' comes from an index signature, so it must be accessed with ['name'].
src/routes/_authenticated/painel-profissional.rede-planos.tsx(9,2053): error TS4111: Property 'plan_code' comes from an index signature, so it must be accessed with ['plan_code'].
src/routes/_authenticated/painel-profissional.rede-planos.tsx(9,2267): error TS4111: Property 'currency' comes from an index signature, so it must be accessed with ['currency'].
src/routes/_authenticated/painel-profissional.rede-planos.tsx(9,2320): error TS4111: Property 'id' comes from an index signature, so it must be accessed with ['id'].
src/routes/_authenticated/painel-profissional.rede-planos.tsx(9,2366): error TS4111: Property 'id' comes from an index signature, so it must be accessed with ['id'].
src/routes/_authenticated/painel-profissional.rede-planos.tsx(9,2543): error TS4111: Property 'plan_code' comes from an index signature, so it must be accessed with ['plan_code'].
src/routes/_authenticated/painel-profissional.rede-profissionais-conformidade.tsx(12,37): error TS4111: Property 'id' comes from an index signature, so it must be accessed with ['id'].
src/routes/_authenticated/painel-profissional.rede-profissionais-conformidade.tsx(12,54): error TS4111: Property 'country_code' comes from an index signature, so it must be accessed with ['country_code'].
src/routes/_authenticated/painel-profissional.rede-profissionais-conformidade.tsx(12,80): error TS4111: Property 'category_id' comes from an index signature, so it must be accessed with ['category_id'].
src/routes/_authenticated/painel-profissional.rede-profissionais-conformidade.tsx(12,105): error TS4111: Property 'title_label' comes from an index signature, so it must be accessed with ['title_label'].
src/routes/_authenticated/painel-profissional.rede-profissionais-conformidade.tsx(12,144): error TS4111: Property 'requires_registration' comes from an index signature, so it must be accessed with ['requires_registration'].
src/routes/_authenticated/painel-profissional.rede-profissionais-conformidade.tsx(12,189): error TS4111: Property 'requires_manual_review' comes from an index signature, so it must be accessed with ['requires_manual_review'].
src/routes/_authenticated/painel-profissional.rede-profissionais-conformidade.tsx(12,232): error TS4111: Property 'registration_label' comes from an index signature, so it must be accessed with ['registration_label'].
src/routes/_authenticated/painel-profissional.rede-profissionais-conformidade.tsx(12,281): error TS4111: Property 'required_documents' comes from an index signature, so it must be accessed with ['required_documents'].
src/routes/_authenticated/painel-profissional.rede-profissionais-conformidade.tsx(12,327): error TS4111: Property 'public_disclosures' comes from an index signature, so it must be accessed with ['public_disclosures'].
src/routes/_authenticated/painel-profissional.rede-profissionais-conformidade.tsx(12,364): error TS4111: Property 'allowed_modalities' comes from an index signature, so it must be accessed with ['allowed_modalities'].
src/routes/_authenticated/painel-profissional.rede-profissionais-conformidade.tsx(12,426): error TS4111: Property 'allowed_modalities' comes from an index signature, so it must be accessed with ['allowed_modalities'].
src/routes/_authenticated/painel-profissional.rede-profissionais-conformidade.tsx(12,504): error TS4111: Property 'advertising_restrictions' comes from an index signature, so it must be accessed with ['advertising_restrictions'].
src/routes/_authenticated/painel-profissional.rede-profissionais-conformidade.tsx(12,557): error TS4111: Property 'fiscal_requirements' comes from an index signature, so it must be accessed with ['fiscal_requirements'].
src/routes/_authenticated/painel-profissional.rede-profissionais-conformidade.tsx(12,596): error TS4111: Property 'emergency_notice' comes from an index signature, so it must be accessed with ['emergency_notice'].
src/routes/_authenticated/painel-profissional.rede-profissionais-conformidade.tsx(12,631): error TS4111: Property 'legal_notice' comes from an index signature, so it must be accessed with ['legal_notice'].
src/routes/_authenticated/painel-profissional.rede-profissionais-conformidade.tsx(12,657): error TS4111: Property 'active' comes from an index signature, so it must be accessed with ['active'].
src/routes/_authenticated/painel-profissional.rede-profissionais-conformidade.tsx(14,153): error TS4111: Property 'id' comes from an index signature, so it must be accessed with ['id'].
src/routes/_authenticated/painel-profissional.rede-profissionais-conformidade.tsx(14,181): error TS4111: Property 'active' comes from an index signature, so it must be accessed with ['active'].
src/routes/_authenticated/painel-profissional.rede-profissionais-conformidade.tsx(14,190): error TS4111: Property 'active' comes from an index signature, so it must be accessed with ['active'].
src/routes/_authenticated/painel-profissional.rede-profissionais-conformidade.tsx(14,248): error TS4111: Property 'regulated_by_default' comes from an index signature, so it must be accessed with ['regulated_by_default'].
src/routes/_authenticated/painel-profissional.rede-profissionais-conformidade.tsx(14,271): error TS4111: Property 'regulated_by_default' comes from an index signature, so it must be accessed with ['regulated_by_default'].
src/routes/_authenticated/painel-profissional.rede-profissionais-conformidade.tsx(14,345): error TS4111: Property 'requires_admin_review' comes from an index signature, so it must be accessed with ['requires_admin_review'].
src/routes/_authenticated/painel-profissional.rede-profissionais-conformidade.tsx(14,369): error TS4111: Property 'requires_admin_review' comes from an index signature, so it must be accessed with ['requires_admin_review'].
src/routes/_authenticated/painel-profissional.rede-profissionais-conformidade.tsx(16,612): error TS4111: Property 'id' comes from an index signature, so it must be accessed with ['id'].
src/routes/_authenticated/painel-profissional.rede-profissionais-conformidade.tsx(16,625): error TS4111: Property 'id' comes from an index signature, so it must be accessed with ['id'].
src/routes/_authenticated/painel-profissional.rede-profissionais-conformidade.tsx(16,632): error TS4111: Property 'name_pt' comes from an index signature, so it must be accessed with ['name_pt'].
src/routes/_authenticated/painel-profissional.rede-profissionais-conformidade.tsx(17,206): error TS4111: Property 'id' comes from an index signature, so it must be accessed with ['id'].
src/routes/_authenticated/painel-profissional.rede-profissionais-conformidade.tsx(17,315): error TS4111: Property 'name_pt' comes from an index signature, so it must be accessed with ['name_pt'].
src/routes/_authenticated/painel-profissional.rede-profissionais-conformidade.tsx(17,381): error TS4111: Property 'slug' comes from an index signature, so it must be accessed with ['slug'].
src/routes/_authenticated/painel-profissional.rede-profissionais-conformidade.tsx(17,449): error TS4111: Property 'active' comes from an index signature, so it must be accessed with ['active'].
src/routes/_authenticated/painel-profissional.rede-profissionais-conformidade.tsx(17,656): error TS4111: Property 'active' comes from an index signature, so it must be accessed with ['active'].
src/routes/_authenticated/painel-profissional.rede-profissionais-conformidade.tsx(17,848): error TS4111: Property 'regulated_by_default' comes from an index signature, so it must be accessed with ['regulated_by_default'].
src/routes/_authenticated/painel-profissional.rede-profissionais-conformidade.tsx(17,1040): error TS4111: Property 'requires_admin_review' comes from an index signature, so it must be accessed with ['requires_admin_review'].
src/routes/_authenticated/painel-profissional.rede-profissionais-conformidade.tsx(18,443): error TS4111: Property 'id' comes from an index signature, so it must be accessed with ['id'].
src/routes/_authenticated/painel-profissional.rede-profissionais-conformidade.tsx(18,450): error TS4111: Property 'category_id' comes from an index signature, so it must be accessed with ['category_id'].
src/routes/_authenticated/painel-profissional.rede-profissionais-conformidade.tsx(18,481): error TS4111: Property 'id' comes from an index signature, so it must be accessed with ['id'].
src/routes/_authenticated/painel-profissional.rede-profissionais-conformidade.tsx(18,554): error TS4111: Property 'country_code' comes from an index signature, so it must be accessed with ['country_code'].
src/routes/_authenticated/painel-profissional.rede-profissionais-conformidade.tsx(18,591): error TS4111: Property 'category_id' comes from an index signature, so it must be accessed with ['category_id'].
src/routes/_authenticated/painel-profissional.rede-profissionais-conformidade.tsx(18,615): error TS4111: Property 'requires_registration' comes from an index signature, so it must be accessed with ['requires_registration'].
src/routes/_authenticated/painel-profissional.rede-profissionais-conformidade.tsx(18,640): error TS4111: Property 'registration_label' comes from an index signature, so it must be accessed with ['registration_label'].
src/routes/_authenticated/painel-profissional.rede-profissionais-conformidade.tsx(18,706): error TS4111: Property 'allowed_modalities' comes from an index signature, so it must be accessed with ['allowed_modalities'].
src/routes/_authenticated/painel-profissional.rede-profissionais-conformidade.tsx(18,754): error TS4111: Property 'active' comes from an index signature, so it must be accessed with ['active'].
src/routes/_authenticated/painel-profissional.rede-profissionais-conteudo.tsx(9,3902): error TS4111: Property 'id' comes from an index signature, so it must be accessed with ['id'].
src/routes/_authenticated/painel-profissional.rede-profissionais-conteudo.tsx(9,4071): error TS4111: Property 'event_type' comes from an index signature, so it must be accessed with ['event_type'].
src/routes/_authenticated/painel-profissional.rede-profissionais-conteudo.tsx(9,4115): error TS4111: Property 'title' comes from an index signature, so it must be accessed with ['title'].
src/routes/_authenticated/painel-profissional.rede-profissionais-conteudo.tsx(9,4188): error TS4111: Property 'starts_at' comes from an index signature, so it must be accessed with ['starts_at'].
src/routes/_authenticated/painel-profissional.rede-profissionais-conteudo.tsx(9,4229): error TS4111: Property 'timezone' comes from an index signature, so it must be accessed with ['timezone'].
src/routes/_authenticated/painel-profissional.rede-profissionais-conteudo.tsx(9,4340): error TS4111: Property 'id' comes from an index signature, so it must be accessed with ['id'].
src/routes/_authenticated/painel-profissional.rede-profissionais-conteudo.tsx(9,4356): error TS4111: Property 'published' comes from an index signature, so it must be accessed with ['published'].
src/routes/_authenticated/painel-profissional.rede-profissionais-conteudo.tsx(9,4472): error TS4111: Property 'published' comes from an index signature, so it must be accessed with ['published'].
src/routes/_authenticated/painel-profissional.rede-profissionais-conteudo.tsx(9,6178): error TS4111: Property 'id' comes from an index signature, so it must be accessed with ['id'].
src/routes/_authenticated/painel-profissional.rede-profissionais-conteudo.tsx(9,6276): error TS4111: Property 'post_type' comes from an index signature, so it must be accessed with ['post_type'].
src/routes/_authenticated/painel-profissional.rede-profissionais-conteudo.tsx(9,6292): error TS4111: Property 'locale' comes from an index signature, so it must be accessed with ['locale'].
src/routes/_authenticated/painel-profissional.rede-profissionais-conteudo.tsx(9,6332): error TS4111: Property 'title' comes from an index signature, so it must be accessed with ['title'].
src/routes/_authenticated/painel-profissional.rede-profissionais-conteudo.tsx(9,6396): error TS4111: Property 'body' comes from an index signature, so it must be accessed with ['body'].
src/routes/_authenticated/painel-profissional.rede-profissionais-financeiro.tsx(9,453): error TS4111: Property 'config_key' comes from an index signature, so it must be accessed with ['config_key'].
src/routes/_authenticated/painel-profissional.rede-profissionais-financeiro.tsx(9,533): error TS4111: Property 'config_key' comes from an index signature, so it must be accessed with ['config_key'].
src/routes/_authenticated/painel-profissional.rede-profissionais-financeiro.tsx(9,733): error TS4111: Property 'id' comes from an index signature, so it must be accessed with ['id'].
src/routes/_authenticated/painel-profissional.rede-profissionais-financeiro.tsx(9,746): error TS4111: Property 'amount_cents' comes from an index signature, so it must be accessed with ['amount_cents'].
src/routes/_authenticated/painel-profissional.rede-profissionais-financeiro.tsx(9,882): error TS4111: Property 'id' comes from an index signature, so it must be accessed with ['id'].
src/routes/_authenticated/painel-profissional.rede-profissionais-financeiro.tsx(9,932): error TS4111: Property 'id' comes from an index signature, so it must be accessed with ['id'].
src/routes/_authenticated/painel-profissional.rede-profissionais-financeiro.tsx(9,2697): error TS4111: Property 'id' comes from an index signature, so it must be accessed with ['id'].
src/routes/_authenticated/painel-profissional.rede-profissionais-financeiro.tsx(9,2786): error TS4111: Property 'market' comes from an index signature, so it must be accessed with ['market'].
src/routes/_authenticated/painel-profissional.rede-profissionais-financeiro.tsx(9,2824): error TS4111: Property 'currency' comes from an index signature, so it must be accessed with ['currency'].
src/routes/_authenticated/painel-profissional.rede-profissionais-financeiro.tsx(9,2880): error TS4111: Property 'name' comes from an index signature, so it must be accessed with ['name'].
src/routes/_authenticated/painel-profissional.rede-profissionais-financeiro.tsx(9,3010): error TS4111: Property 'id' comes from an index signature, so it must be accessed with ['id'].
src/routes/_authenticated/painel-profissional.rede-profissionais-financeiro.tsx(9,3058): error TS4111: Property 'id' comes from an index signature, so it must be accessed with ['id'].
src/routes/_authenticated/painel-profissional.rede-profissionais-repasses.tsx(17,247): error TS2375: Type '{ documentId: string; decision: "approve" | "reject"; rejectionReason: string | undefined; }' is not assignable to type '{ documentId: string; decision: "approve" | "reject"; rejectionReason?: string | null; }' with 'exactOptionalPropertyTypes: true'. Consider adding 'undefined' to the types of the target's properties.
  Types of property 'rejectionReason' are incompatible.
    Type 'string | undefined' is not assignable to type 'string | null'.
      Type 'undefined' is not assignable to type 'string | null'.
src/routes/_authenticated/painel-profissional.rede-profissionais-repasses.tsx(19,54): error TS4111: Property 'id' comes from an index signature, so it must be accessed with ['id'].
src/routes/_authenticated/painel-profissional.rede-profissionais-repasses.tsx(19,187): error TS4111: Property 'id' comes from an index signature, so it must be accessed with ['id'].
src/routes/_authenticated/painel-profissional.rede-profissionais-repasses.tsx(19,235): error TS4111: Property 'id' comes from an index signature, so it must be accessed with ['id'].
src/routes/_authenticated/painel-profissional.rede-profissionais-repasses.tsx(22,142): error TS4111: Property 'status' comes from an index signature, so it must be accessed with ['status'].
src/routes/_authenticated/painel-profissional.rede-profissionais-repasses.tsx(22,303): error TS4111: Property 'status' comes from an index signature, so it must be accessed with ['status'].
src/routes/_authenticated/painel-profissional.rede-profissionais-repasses.tsx(22,447): error TS4111: Property 'status' comes from an index signature, so it must be accessed with ['status'].
src/routes/_authenticated/painel-profissional.rede-profissionais-repasses.tsx(22,529): error TS4111: Property 'status' comes from an index signature, so it must be accessed with ['status'].
src/routes/_authenticated/painel-profissional.rede-profissionais-repasses.tsx(23,93): error TS4111: Property 'id' comes from an index signature, so it must be accessed with ['id'].
src/routes/_authenticated/painel-profissional.rede-profissionais-repasses.tsx(23,147): error TS4111: Property 'professional_account_id' comes from an index signature, so it must be accessed with ['professional_account_id'].
src/routes/_authenticated/painel-profissional.rede-profissionais-repasses.tsx(23,175): error TS4111: Property 'professional_account_id' comes from an index signature, so it must be accessed with ['professional_account_id'].
src/routes/_authenticated/painel-profissional.rede-profissionais-repasses.tsx(23,202): error TS4111: Property 'currency' comes from an index signature, so it must be accessed with ['currency'].
src/routes/_authenticated/painel-profissional.rede-profissionais-repasses.tsx(23,215): error TS4111: Property 'currency' comes from an index signature, so it must be accessed with ['currency'].
src/routes/_authenticated/painel-profissional.rede-profissionais-repasses.tsx(23,248): error TS4111: Property 'id' comes from an index signature, so it must be accessed with ['id'].
src/routes/_authenticated/painel-profissional.rede-profissionais-repasses.tsx(23,444): error TS4111: Property 'professional' comes from an index signature, so it must be accessed with ['professional'].
src/routes/_authenticated/painel-profissional.rede-profissionais-repasses.tsx(23,545): error TS4111: Property 'period_start' comes from an index signature, so it must be accessed with ['period_start'].
src/routes/_authenticated/painel-profissional.rede-profissionais-repasses.tsx(23,564): error TS4111: Property 'period_end' comes from an index signature, so it must be accessed with ['period_end'].
src/routes/_authenticated/painel-profissional.rede-profissionais-repasses.tsx(23,581): error TS4111: Property 'currency' comes from an index signature, so it must be accessed with ['currency'].
src/routes/_authenticated/painel-profissional.rede-profissionais-repasses.tsx(23,699): error TS4111: Property 'status' comes from an index signature, so it must be accessed with ['status'].
src/routes/_authenticated/painel-profissional.rede-profissionais-repasses.tsx(23,710): error TS4111: Property 'status' comes from an index signature, so it must be accessed with ['status'].
src/routes/_authenticated/painel-profissional.rede-profissionais-repasses.tsx(24,106): error TS4111: Property 'gross_cents' comes from an index signature, so it must be accessed with ['gross_cents'].
src/routes/_authenticated/painel-profissional.rede-profissionais-repasses.tsx(24,120): error TS4111: Property 'currency' comes from an index signature, so it must be accessed with ['currency'].
src/routes/_authenticated/painel-profissional.rede-profissionais-repasses.tsx(24,178): error TS4111: Property 'platform_fee_cents' comes from an index signature, so it must be accessed with ['platform_fee_cents'].
src/routes/_authenticated/painel-profissional.rede-profissionais-repasses.tsx(24,199): error TS4111: Property 'currency' comes from an index signature, so it must be accessed with ['currency'].
src/routes/_authenticated/painel-profissional.rede-profissionais-repasses.tsx(24,261): error TS4111: Property 'net_cents' comes from an index signature, so it must be accessed with ['net_cents'].
src/routes/_authenticated/painel-profissional.rede-profissionais-repasses.tsx(24,273): error TS4111: Property 'currency' comes from an index signature, so it must be accessed with ['currency'].
src/routes/_authenticated/painel-profissional.rede-profissionais-repasses.tsx(24,355): error TS4111: Property 'currency' comes from an index signature, so it must be accessed with ['currency'].
src/routes/_authenticated/painel-profissional.rede-profissionais-repasses.tsx(25,261): error TS4111: Property 'id' comes from an index signature, so it must be accessed with ['id'].
src/routes/_authenticated/painel-profissional.rede-profissionais-repasses.tsx(25,414): error TS4111: Property 'original_filename' comes from an index signature, so it must be accessed with ['original_filename'].
src/routes/_authenticated/painel-profissional.rede-profissionais-repasses.tsx(25,435): error TS4111: Property 'document_type' comes from an index signature, so it must be accessed with ['document_type'].
src/routes/_authenticated/painel-profissional.rede-profissionais-repasses.tsx(25,501): error TS4111: Property 'document_type' comes from an index signature, so it must be accessed with ['document_type'].
src/routes/_authenticated/painel-profissional.rede-profissionais-repasses.tsx(25,541): error TS4111: Property 'uploaded_at' comes from an index signature, so it must be accessed with ['uploaded_at'].
src/routes/_authenticated/painel-profissional.rede-profissionais-repasses.tsx(25,577): error TS4111: Property 'status' comes from an index signature, so it must be accessed with ['status'].
src/routes/_authenticated/painel-profissional.rede-profissionais-repasses.tsx(25,591): error TS4111: Property 'rejection_reason' comes from an index signature, so it must be accessed with ['rejection_reason'].
src/routes/_authenticated/painel-profissional.rede-profissionais-repasses.tsx(25,657): error TS4111: Property 'rejection_reason' comes from an index signature, so it must be accessed with ['rejection_reason'].
src/routes/_authenticated/painel-profissional.rede-profissionais-repasses.tsx(25,754): error TS4111: Property 'id' comes from an index signature, so it must be accessed with ['id'].
src/routes/_authenticated/painel-profissional.rede-profissionais-repasses.tsx(25,834): error TS4111: Property 'status' comes from an index signature, so it must be accessed with ['status'].
src/routes/_authenticated/painel-profissional.rede-profissionais-repasses.tsx(25,901): error TS4111: Property 'id' comes from an index signature, so it must be accessed with ['id'].
src/routes/_authenticated/painel-profissional.rede-profissionais-repasses.tsx(25,1023): error TS4111: Property 'status' comes from an index signature, so it must be accessed with ['status'].
src/routes/_authenticated/painel-profissional.rede-profissionais-repasses.tsx(25,1090): error TS4111: Property 'id' comes from an index signature, so it must be accessed with ['id'].
src/routes/_authenticated/painel-profissional.rede-profissionais-repasses.tsx(26,41): error TS4111: Property 'status' comes from an index signature, so it must be accessed with ['status'].
src/routes/_authenticated/painel-profissional.rede-profissionais-repasses.tsx(26,128): error TS4111: Property 'id' comes from an index signature, so it must be accessed with ['id'].
src/routes/_authenticated/painel-profissional.rede-profissionais-repasses.tsx(26,258): error TS4111: Property 'status' comes from an index signature, so it must be accessed with ['status'].
src/routes/_authenticated/painel-profissional.rede-profissionais-repasses.tsx(26,654): error TS4111: Property 'id' comes from an index signature, so it must be accessed with ['id'].
src/routes/_authenticated/painel-profissional.rede-profissionais-repasses.tsx(26,706): error TS4111: Property 'id' comes from an index signature, so it must be accessed with ['id'].
src/routes/_authenticated/painel-profissional.rede-profissionais-repasses.tsx(26,865): error TS4111: Property 'id' comes from an index signature, so it must be accessed with ['id'].
src/routes/_authenticated/painel-profissional.rede-profissionais-repasses.tsx(26,917): error TS4111: Property 'id' comes from an index signature, so it must be accessed with ['id'].
src/routes/_authenticated/painel-profissional.rede-profissionais-repasses.tsx(26,1401): error TS4111: Property 'status' comes from an index signature, so it must be accessed with ['status'].
src/routes/_authenticated/painel-profissional.rede-profissionais-repasses.tsx(26,1496): error TS4111: Property 'paid_at' comes from an index signature, so it must be accessed with ['paid_at'].
src/routes/_authenticated/painel-profissional.rede-profissionais-repasses.tsx(26,1515): error TS4111: Property 'paid_at' comes from an index signature, so it must be accessed with ['paid_at'].
src/routes/_authenticated/painel-profissional.rede-profissionais-repasses.tsx(26,1551): error TS4111: Property 'payment_method' comes from an index signature, so it must be accessed with ['payment_method'].
src/routes/_authenticated/painel-profissional.rede-profissionais-repasses.tsx(26,1588): error TS4111: Property 'payment_reference' comes from an index signature, so it must be accessed with ['payment_reference'].
src/routes/_authenticated/painel-profissional.rede-profissionais.tsx(10,534): error TS4111: Property 'config_key' comes from an index signature, so it must be accessed with ['config_key'].
src/routes/_authenticated/painel-profissional.rede-profissionais.tsx(10,617): error TS4111: Property 'config_key' comes from an index signature, so it must be accessed with ['config_key'].
src/routes/_authenticated/painel-profissional.rede-profissionais.tsx(10,1015): error TS4111: Property 'status' comes from an index signature, so it must be accessed with ['status'].
src/routes/_authenticated/painel-profissional.rede-profissionais.tsx(10,1034): error TS4111: Property 'status' comes from an index signature, so it must be accessed with ['status'].
src/routes/_authenticated/painel-profissional.rede-profissionais.tsx(10,1105): error TS4111: Property 'gross_amount_cents' comes from an index signature, so it must be accessed with ['gross_amount_cents'].
src/routes/_authenticated/painel-profissional.rede-profissionais.tsx(10,1171): error TS4111: Property 'platform_fee_cents' comes from an index signature, so it must be accessed with ['platform_fee_cents'].
src/routes/_authenticated/painel-profissional.rede-profissionais.tsx(10,2098): error TS4111: Property 'professional_account_id' comes from an index signature, so it must be accessed with ['professional_account_id'].
src/routes/_authenticated/painel-profissional.rede-profissionais.tsx(10,2218): error TS4111: Property 'account' comes from an index signature, so it must be accessed with ['account'].
src/routes/_authenticated/painel-profissional.rede-profissionais.tsx(10,3044): error TS4111: Property 'profile_status' comes from an index signature, so it must be accessed with ['profile_status'].
src/routes/_authenticated/painel-profissional.rede-profissionais.tsx(10,3073): error TS4111: Property 'is_public' comes from an index signature, so it must be accessed with ['is_public'].
src/routes/_authenticated/painel-profissional.rede-profissionais.tsx(10,3191): error TS4111: Property 'status' comes from an index signature, so it must be accessed with ['status'].
src/routes/_authenticated/painel-profissional.rede-profissionais.tsx(10,4127): error TS4111: Property 'id' comes from an index signature, so it must be accessed with ['id'].
src/routes/_authenticated/painel-profissional.rede-profissionais.tsx(10,4216): error TS4111: Property 'market' comes from an index signature, so it must be accessed with ['market'].
src/routes/_authenticated/painel-profissional.rede-profissionais.tsx(10,4255): error TS4111: Property 'name' comes from an index signature, so it must be accessed with ['name'].
src/routes/_authenticated/painel-profissional.rede-profissionais.tsx(10,4312): error TS4111: Property 'amount_cents' comes from an index signature, so it must be accessed with ['amount_cents'].
src/routes/_authenticated/painel-profissional.rede-profissionais.tsx(10,4327): error TS4111: Property 'currency' comes from an index signature, so it must be accessed with ['currency'].
src/routes/_authenticated/painel-profissional.rede-profissionais.tsx(10,4801): error TS4111: Property 'id' comes from an index signature, so it must be accessed with ['id'].
src/routes/_authenticated/painel-profissional.rede-profissionais.tsx(10,4872): error TS4111: Property 'display_name' comes from an index signature, so it must be accessed with ['display_name'].
src/routes/_authenticated/painel-profissional.rede-profissionais.tsx(10,4942): error TS4111: Property 'professional_title' comes from an index signature, so it must be accessed with ['professional_title'].
src/routes/_authenticated/painel-profissional.rede-profissionais.tsx(10,4977): error TS4111: Property 'country_code' comes from an index signature, so it must be accessed with ['country_code'].
src/routes/_authenticated/painel-profissional.rede-profissionais.tsx(10,5002): error TS4111: Property 'account' comes from an index signature, so it must be accessed with ['account'].
src/routes/_authenticated/painel-profissional.rede-profissionais.tsx(10,5030): error TS4111: Property 'compliance_status' comes from an index signature, so it must be accessed with ['compliance_status'].
src/routes/_authenticated/painel-profissional.rede-profissionais.tsx(10,5060): error TS4111: Property 'profile_status' comes from an index signature, so it must be accessed with ['profile_status'].
src/routes/_authenticated/painel-profissional.rede-profissionais.tsx(10,5078): error TS4111: Property 'is_public' comes from an index signature, so it must be accessed with ['is_public'].
src/routes/_authenticated/painel-profissional.rede-profissionais.tsx(10,5116): error TS4111: Property 'subscription' comes from an index signature, so it must be accessed with ['subscription'].
src/routes/_authenticated/painel-profissional.rede-profissionais.tsx(10,5237): error TS4111: Property 'id' comes from an index signature, so it must be accessed with ['id'].
src/routes/_authenticated/painel-profissional.rede-profissionais.tsx(10,5403): error TS4111: Property 'id' comes from an index signature, so it must be accessed with ['id'].
src/routes/_authenticated/painel-profissional.rede-profissionais.tsx(10,5553): error TS4111: Property 'id' comes from an index signature, so it must be accessed with ['id'].
src/routes/_authenticated/painel-profissional.rede-profissionais.tsx(10,6054): error TS4111: Property 'currency' comes from an index signature, so it must be accessed with ['currency'].
src/routes/_authenticated/painel-profissional.rede-profissionais.tsx(10,6125): error TS4111: Property 'currency' comes from an index signature, so it must be accessed with ['currency'].
src/routes/_authenticated/painel-profissional.rede-servicos.tsx(10,1352): error TS4111: Property 'professional_profiles' comes from an index signature, so it must be accessed with ['professional_profiles'].
src/routes/_authenticated/painel-profissional.rede-servicos.tsx(10,1377): error TS4111: Property 'professional_profiles' comes from an index signature, so it must be accessed with ['professional_profiles'].
src/routes/_authenticated/painel-profissional.rede-servicos.tsx(10,1404): error TS4111: Property 'professional_profiles' comes from an index signature, so it must be accessed with ['professional_profiles'].
src/routes/_authenticated/painel-profissional.rede-servicos.tsx(10,1444): error TS4111: Property 'id' comes from an index signature, so it must be accessed with ['id'].
src/routes/_authenticated/painel-profissional.rede-servicos.tsx(10,1631): error TS4111: Property 'name' comes from an index signature, so it must be accessed with ['name'].
src/routes/_authenticated/painel-profissional.rede-servicos.tsx(10,1679): error TS4111: Property 'modality' comes from an index signature, so it must be accessed with ['modality'].
src/routes/_authenticated/painel-profissional.rede-servicos.tsx(10,1706): error TS4111: Property 'price_cents' comes from an index signature, so it must be accessed with ['price_cents'].
src/routes/_authenticated/painel-profissional.rede-servicos.tsx(10,1720): error TS4111: Property 'currency' comes from an index signature, so it must be accessed with ['currency'].
src/routes/_authenticated/painel-profissional.rede-servicos.tsx(10,1810): error TS4111: Property 'approval_status' comes from an index signature, so it must be accessed with ['approval_status'].
src/routes/_authenticated/painel-profissional.rede-servicos.tsx(10,1897): error TS4111: Property 'id' comes from an index signature, so it must be accessed with ['id'].
src/routes/_authenticated/painel-profissional.rede-servicos.tsx(10,1930): error TS4111: Property 'id' comes from an index signature, so it must be accessed with ['id'].
src/routes/_authenticated/painel-profissional.rede-servicos.tsx(10,1970): error TS4111: Property 'id' comes from an index signature, so it must be accessed with ['id'].
src/routes/_authenticated/painel-profissional.rede-servicos.tsx(10,2257): error TS4111: Property 'id' comes from an index signature, so it must be accessed with ['id'].
src/routes/_authenticated/painel-profissional.rede-servicos.tsx(10,2290): error TS4111: Property 'id' comes from an index signature, so it must be accessed with ['id'].
src/routes/_authenticated/painel-profissional.rede-servicos.tsx(10,2330): error TS4111: Property 'id' comes from an index signature, so it must be accessed with ['id'].
src/routes/_clientarea.cliente.biblioteca.publicacoes.$slug.tsx(23,1265): error TS2375: Type '{ slug: string; fallbackTopics: string[]; notice: string | undefined; t: { readonly publications: "← Publicações"; readonly notFound: "Publicação não encontrada."; readonly loading: "Carregando publicação…"; ... 20 more ...; readonly nextText: "Novas edições são publicadas semanalmente e permanecem no histórico da p...' is not assignable to type '{ slug: string; fallbackTopics: string[]; notice?: string; t: any; }' with 'exactOptionalPropertyTypes: true'. Consider adding 'undefined' to the types of the target's properties.
  Types of property 'notice' are incompatible.
    Type 'string | undefined' is not assignable to type 'string'.
      Type 'undefined' is not assignable to type 'string'.
src/routes/_clientarea.cliente.cursos.assinatura.$slug.tsx(79,68): error TS18048: 'module' is possibly 'undefined'.
src/routes/_clientarea.cliente.cursos.assinatura.$slug.tsx(80,180): error TS18048: 'module' is possibly 'undefined'.
src/routes/_clientarea.cliente.cursos.assinatura.$slug.tsx(81,193): error TS18048: 'module' is possibly 'undefined'.
src/routes/_clientarea.cliente.cursos.frances-negocios-a1.tsx(3,520): error TS18048: 'cur' is possibly 'undefined'.
src/routes/_clientarea.cliente.cursos.frances-negocios-a1.tsx(4,1309): error TS18048: 'cur' is possibly 'undefined'.
src/routes/_clientarea.cliente.cursos.frances-negocios-a1.tsx(4,1329): error TS18048: 'cur' is possibly 'undefined'.
src/routes/_clientarea.cliente.cursos.frances-negocios-a1.tsx(4,1408): error TS18048: 'cur' is possibly 'undefined'.
src/routes/_clientarea.cliente.cursos.frances-negocios-a1.tsx(4,1473): error TS18048: 'cur' is possibly 'undefined'.
src/routes/_clientarea.cliente.cursos.frances-negocios-a1.tsx(4,1603): error TS18048: 'cur' is possibly 'undefined'.
src/routes/_clientarea.cliente.cursos.frances-negocios-a1.tsx(4,1880): error TS18048: 'cur' is possibly 'undefined'.
src/routes/_clientarea.cliente.cursos.frances-negocios-a1.tsx(4,2009): error TS18048: 'cur' is possibly 'undefined'.
src/routes/_clientarea.cliente.cursos.frances-negocios-a1.tsx(4,2280): error TS18048: 'cur' is possibly 'undefined'.
src/routes/_clientarea.cliente.cursos.frances-negocios-a1.tsx(4,2408): error TS18048: 'cur' is possibly 'undefined'.
src/routes/_clientarea.cliente.cursos.frances-negocios-a1.tsx(4,2644): error TS18048: 'cur' is possibly 'undefined'.
src/routes/_clientarea.cliente.cursos.frances-negocios-a1.tsx(4,2836): error TS18048: 'cur' is possibly 'undefined'.
src/routes/_clientarea.cliente.cursos.frances-negocios-a1.tsx(4,2908): error TS18048: 'cur' is possibly 'undefined'.
src/routes/_clientarea.cliente.cursos.frances-negocios-a1.tsx(4,3315): error TS18048: 'cur' is possibly 'undefined'.
src/routes/_clientarea.cliente.cursos.frances-negocios-a1.tsx(4,3638): error TS18048: 'cur' is possibly 'undefined'.
src/routes/_clientarea.cliente.cursos.organizar-carreira.tsx(14,1016): error TS18048: 'current' is possibly 'undefined'.
src/routes/_clientarea.cliente.cursos.organizar-carreira.tsx(14,1112): error TS18048: 'current' is possibly 'undefined'.
src/routes/_clientarea.cliente.cursos.organizar-carreira.tsx(14,1237): error TS18048: 'current' is possibly 'undefined'.
src/routes/_clientarea.cliente.cursos.organizar-carreira.tsx(15,2171): error TS18048: 'current' is possibly 'undefined'.
src/routes/_clientarea.cliente.cursos.organizar-carreira.tsx(15,2320): error TS18048: 'current' is possibly 'undefined'.
src/routes/_clientarea.cliente.cursos.organizar-carreira.tsx(15,2626): error TS18048: 'current' is possibly 'undefined'.
src/routes/_clientarea.cliente.cursos.organizar-carreira.tsx(15,2695): error TS18048: 'current' is possibly 'undefined'.
src/routes/_clientarea.cliente.cursos.organizar-carreira.tsx(15,2750): error TS18048: 'current' is possibly 'undefined'.
src/routes/_clientarea.cliente.cursos.organizar-carreira.tsx(15,3164): error TS18048: 'current' is possibly 'undefined'.
src/routes/_clientarea.cliente.cursos.organizar-carreira.tsx(15,3410): error TS18048: 'current' is possibly 'undefined'.
src/routes/_clientarea.cliente.cursos.organizar-carreira.tsx(15,3501): error TS18048: 'current' is possibly 'undefined'.
src/routes/_clientarea.cliente.cursos.primeiros-socorros.tsx(3,520): error TS18048: 'cur' is possibly 'undefined'.
src/routes/_clientarea.cliente.cursos.primeiros-socorros.tsx(4,1493): error TS18048: 'cur' is possibly 'undefined'.
src/routes/_clientarea.cliente.cursos.primeiros-socorros.tsx(4,1513): error TS18048: 'cur' is possibly 'undefined'.
src/routes/_clientarea.cliente.cursos.primeiros-socorros.tsx(4,1592): error TS18048: 'cur' is possibly 'undefined'.
src/routes/_clientarea.cliente.cursos.primeiros-socorros.tsx(4,1657): error TS18048: 'cur' is possibly 'undefined'.
src/routes/_clientarea.cliente.cursos.primeiros-socorros.tsx(4,1783): error TS18048: 'cur' is possibly 'undefined'.
src/routes/_clientarea.cliente.cursos.primeiros-socorros.tsx(4,1820): error TS18048: 'cur' is possibly 'undefined'.
src/routes/_clientarea.cliente.cursos.primeiros-socorros.tsx(4,1850): error TS18048: 'cur' is possibly 'undefined'.
src/routes/_clientarea.cliente.cursos.primeiros-socorros.tsx(4,1880): error TS18048: 'cur' is possibly 'undefined'.
src/routes/_clientarea.cliente.cursos.primeiros-socorros.tsx(4,2252): error TS18048: 'cur' is possibly 'undefined'.
src/routes/_clientarea.cliente.cursos.primeiros-socorros.tsx(4,2397): error TS18048: 'cur' is possibly 'undefined'.
src/routes/_clientarea.cliente.cursos.primeiros-socorros.tsx(4,2536): error TS18048: 'cur' is possibly 'undefined'.
src/routes/_clientarea.cliente.cursos.primeiros-socorros.tsx(4,2770): error TS18048: 'cur' is possibly 'undefined'.
src/routes/_clientarea.cliente.cursos.primeiros-socorros.tsx(4,2943): error TS18048: 'cur' is possibly 'undefined'.
src/routes/_clientarea.cliente.cursos.primeiros-socorros.tsx(4,3061): error TS18048: 'cur' is possibly 'undefined'.
src/routes/_clientarea.cliente.cursos.primeiros-socorros.tsx(4,3491): error TS18048: 'cur' is possibly 'undefined'.
src/routes/_clientarea.cliente.cursos.primeiros-socorros.tsx(4,3814): error TS18048: 'cur' is possibly 'undefined'.
src/routes/_clientarea.cliente.formacoes.gestao-pessoas-rh.tsx(4,3523): error TS18048: 'u' is possibly 'undefined'.
src/routes/_clientarea.cliente.formacoes.gestao-pessoas-rh.tsx(4,3593): error TS18048: 'u' is possibly 'undefined'.
src/routes/_clientarea.cliente.formacoes.gestao-pessoas-rh.tsx(4,3775): error TS18048: 'u' is possibly 'undefined'.
src/routes/_clientarea.cliente.formacoes.gestao-pessoas-rh.tsx(4,3962): error TS18048: 'u' is possibly 'undefined'.
src/routes/_clientarea.cliente.formacoes.gestao-pessoas-rh.tsx(4,4050): error TS18048: 'u' is possibly 'undefined'.
src/routes/_clientarea.cliente.formacoes.gestao-pessoas-rh.tsx(4,4084): error TS18048: 'u' is possibly 'undefined'.
src/routes/_clientarea.cliente.formacoes.gestao-pessoas-rh.tsx(4,4260): error TS18048: 'u' is possibly 'undefined'.
src/routes/_clientarea.cliente.formacoes.gestao-pessoas-rh.tsx(4,4444): error TS18048: 'u' is possibly 'undefined'.
src/routes/_clientarea.cliente.index.tsx(84,331): error TS2339: Property 'product_key' does not exist on type 'SelectQueryError<"column 'product_key' does not exist on 'app_bootstrap'."> | SelectQueryError<"column 'product_key' does not exist on 'appointment_calendar_sync'."> | ... 22 more ... | SelectQueryError<...>'.
  Property 'product_key' does not exist on type 'SelectQueryError<"column 'product_key' does not exist on 'app_bootstrap'.">'.
src/routes/_clientarea.cliente.index.tsx(84,407): error TS2339: Property 'product_key' does not exist on type 'SelectQueryError<"column 'product_key' does not exist on 'app_bootstrap'."> | SelectQueryError<"column 'product_key' does not exist on 'appointment_calendar_sync'."> | ... 22 more ... | SelectQueryError<...>'.
  Property 'product_key' does not exist on type 'SelectQueryError<"column 'product_key' does not exist on 'app_bootstrap'.">'.
src/routes/_clientarea.cliente.index.tsx(84,484): error TS2339: Property 'current_location' does not exist on type 'SelectQueryError<"column 'product_key' does not exist on 'app_bootstrap'."> | SelectQueryError<"column 'product_key' does not exist on 'appointment_calendar_sync'."> | ... 22 more ... | SelectQueryError<...>'.
  Property 'current_location' does not exist on type 'SelectQueryError<"column 'product_key' does not exist on 'app_bootstrap'.">'.
src/routes/_clientarea.cliente.index.tsx(84,538): error TS2339: Property 'progress_percent' does not exist on type 'SelectQueryError<"column 'product_key' does not exist on 'app_bootstrap'."> | SelectQueryError<"column 'product_key' does not exist on 'appointment_calendar_sync'."> | ... 22 more ... | SelectQueryError<...>'.
  Property 'progress_percent' does not exist on type 'SelectQueryError<"column 'product_key' does not exist on 'app_bootstrap'.">'.
src/routes/_clientarea.cliente.index.tsx(84,707): error TS2339: Property 'progress_percent' does not exist on type 'SelectQueryError<"column 'product_key' does not exist on 'app_bootstrap'."> | SelectQueryError<"column 'product_key' does not exist on 'appointment_calendar_sync'."> | ... 22 more ... | SelectQueryError<...>'.
  Property 'progress_percent' does not exist on type 'SelectQueryError<"column 'product_key' does not exist on 'app_bootstrap'.">'.
src/routes/_clientarea.cliente.rede-academica.artigo-editorial.$slug.tsx(8,36): error TS2345: Argument of type '"/_clientarea/cliente/rede-academica/artigo-editorial/$slug"' is not assignable to parameter of type 'keyof FileRoutesByPath | undefined'.
src/routes/_clientarea.cliente.rede-academica.artigo-editorial.$slug.tsx(10,40): error TS2339: Property 'slug' does not exist on type '{ slug: string; } | { slug: string; } | { slug: string; } | { slug: string; } | { slug: string; } | { category: string; } | { orderId: string; } | { key: string; } | { productKey: string; } | { slug: string; } | ... 162 more ... | {}'.
src/routes/_clientarea.cliente.rede-academica.artigo-editorial.$slug.tsx(10,655): error TS2741: Property 'search' is missing in type '{ children: "← REDE ACADÊMICA" | "← ACADEMIC NETWORK" | "← RÉSEAU ACADÉMIQUE" | "← RED ACADÉMICA"; to: "/cliente/rede-academica"; className: string; }' but required in type 'MakeRequiredSearchParams<RouterCore<Route<Register, any, "/", "/", string, "__root__", undefined, {}, { queryClient: QueryClient; }, AnyContext, AnyContext, ... 6 more ..., undefined>, "never", false, RouterHistory, Record<...>>, string, "/cliente/rede-academica">'.
src/routes/_clientarea.cliente.rede-academica.artigo-editorial.$slug.tsx(10,1451): error TS2322: Type '"/cliente/rede-academica/perfil-editorial/$username"' is not assignable to type '"/treinamento" | "/formacao-psicanalise" | "/cliente/biblioteca/cursos-gratuitos" | "/cliente/biblioteca" | "/" | "/acesso" | "/acesso-compra" | "/acoragemdecomecar" | "/amostra-gratis" | ... 183 more ... | ".."'.
src/routes/_clientarea.cliente.rede-academica.artigo-editorial.$slug.tsx(10,1516): error TS2353: Object literal may only specify known properties, and 'username' does not exist in type 'ParamsReducerFn<RouterCore<Route<Register, any, "/", "/", string, "__root__", undefined, {}, { queryClient: QueryClient; }, AnyContext, AnyContext, ... 6 more ..., undefined>, "never", false, RouterHistory, Record<...>>, "PATH", string, "/cliente/rede-academica/perfil-editorial/$username">'.
src/routes/_clientarea.cliente.rede-academica.artigo-editorial.$slug.tsx(10,1735): error TS2322: Type '"/cliente/rede-academica/perfil-editorial/$username"' is not assignable to type '"/treinamento" | "/formacao-psicanalise" | "/cliente/biblioteca/cursos-gratuitos" | "/cliente/biblioteca" | "/" | "/acesso" | "/acesso-compra" | "/acoragemdecomecar" | "/amostra-gratis" | ... 183 more ... | ".."'.
src/routes/_clientarea.cliente.rede-academica.artigo-editorial.$slug.tsx(10,1800): error TS2353: Object literal may only specify known properties, and 'username' does not exist in type 'ParamsReducerFn<RouterCore<Route<Register, any, "/", "/", string, "__root__", undefined, {}, { queryClient: QueryClient; }, AnyContext, AnyContext, ... 6 more ..., undefined>, "never", false, RouterHistory, Record<...>>, "PATH", string, "/cliente/rede-academica/perfil-editorial/$username">'.
src/routes/_clientarea.cliente.rede-academica.artigo-editorial.$slug.tsx(10,2251): error TS2820: Type '"/cliente/rede-academica/buscar"' is not assignable to type '"/treinamento" | "/formacao-psicanalise" | "/cliente/biblioteca/cursos-gratuitos" | "/cliente/biblioteca" | "/" | "/acesso" | "/acesso-compra" | "/acoragemdecomecar" | "/amostra-gratis" | ... 183 more ... | ".."'. Did you mean '"/cliente/rede-academica"'?
src/routes/_clientarea.cliente.rede-academica.artigo.$slug.tsx(9,36): error TS2345: Argument of type '"/_clientarea/cliente/rede-academica/artigo/$slug"' is not assignable to parameter of type 'keyof FileRoutesByPath | undefined'.
src/routes/_clientarea.cliente.rede-academica.artigo.$slug.tsx(19,10): error TS2339: Property 'slug' does not exist on type '{ slug: string; } | { slug: string; } | { slug: string; } | { slug: string; } | { slug: string; } | { category: string; } | { orderId: string; } | { key: string; } | { productKey: string; } | { slug: string; } | ... 162 more ... | {}'.
src/routes/_clientarea.cliente.rede-academica.artigo.$slug.tsx(24,88): error TS2741: Property 'search' is missing in type '{ children: string[]; to: "/cliente/rede-academica"; className: string; }' but required in type 'MakeRequiredSearchParams<RouterCore<Route<Register, any, "/", "/", string, "__root__", undefined, {}, { queryClient: QueryClient; }, AnyContext, AnyContext, ... 6 more ..., undefined>, "never", false, RouterHistory, Record<...>>, string, "/cliente/rede-academica">'.
src/routes/_clientarea.cliente.rede-academica.artigo.$slug.tsx(24,841): error TS2322: Type '"/cliente/rede-academica/perfil/$username"' is not assignable to type '"/treinamento" | "/formacao-psicanalise" | "/cliente/biblioteca/cursos-gratuitos" | "/cliente/biblioteca" | "/" | "/acesso" | "/acesso-compra" | "/acoragemdecomecar" | "/amostra-gratis" | ... 183 more ... | ".."'.
src/routes/_clientarea.cliente.rede-academica.artigo.$slug.tsx(24,896): error TS2353: Object literal may only specify known properties, and 'username' does not exist in type 'ParamsReducerFn<RouterCore<Route<Register, any, "/", "/", string, "__root__", undefined, {}, { queryClient: QueryClient; }, AnyContext, AnyContext, ... 6 more ..., undefined>, "never", false, RouterHistory, Record<...>>, "PATH", string, "/cliente/rede-academica/perfil/$username">'.
src/routes/_clientarea.cliente.rede-academica.artigo.$slug.tsx(24,1767): error TS2820: Type '"/cliente/rede-academica/buscar"' is not assignable to type '"/treinamento" | "/formacao-psicanalise" | "/cliente/biblioteca/cursos-gratuitos" | "/cliente/biblioteca" | "/" | "/acesso" | "/acesso-compra" | "/acoragemdecomecar" | "/amostra-gratis" | ... 183 more ... | ".."'. Did you mean '"/cliente/rede-academica"'?
src/routes/_clientarea.cliente.rede-academica.buscar.tsx(9,36): error TS2345: Argument of type '"/_clientarea/cliente/rede-academica/buscar"' is not assignable to parameter of type 'keyof FileRoutesByPath | undefined'.
src/routes/_clientarea.cliente.rede-academica.buscar.tsx(12,559): error TS2741: Property 'search' is missing in type '{ children: string[]; to: "/cliente/rede-academica"; className: string; }' but required in type 'MakeRequiredSearchParams<RouterCore<Route<Register, any, "/", "/", string, "__root__", undefined, {}, { queryClient: QueryClient; }, AnyContext, AnyContext, ... 6 more ..., undefined>, "never", false, RouterHistory, Record<...>>, string, "/cliente/rede-academica">'.
src/routes/_clientarea.cliente.rede-academica.buscar.tsx(12,1491): error TS2820: Type '"/cliente/rede-academica/post/$id"' is not assignable to type '"/treinamento" | "/formacao-psicanalise" | "/cliente/biblioteca/cursos-gratuitos" | "/cliente/biblioteca" | "/" | "/acesso" | "/acesso-compra" | "/acoragemdecomecar" | "/amostra-gratis" | ... 183 more ... | ".."'. Did you mean '"/cliente/rede-academica"'?
src/routes/_clientarea.cliente.rede-academica.buscar.tsx(12,1538): error TS2353: Object literal may only specify known properties, and 'id' does not exist in type 'ParamsReducerFn<RouterCore<Route<Register, any, "/", "/", string, "__root__", undefined, {}, { queryClient: QueryClient; }, AnyContext, AnyContext, ... 6 more ..., undefined>, "never", false, RouterHistory, Record<...>>, "PATH", string, "/cliente/rede-academica/post/$id">'.
src/routes/_clientarea.cliente.rede-academica.buscar.tsx(12,1882): error TS2322: Type '"/cliente/rede-academica/artigo/$slug"' is not assignable to type '"/treinamento" | "/formacao-psicanalise" | "/cliente/biblioteca/cursos-gratuitos" | "/cliente/biblioteca" | "/" | "/acesso" | "/acesso-compra" | "/acoragemdecomecar" | "/amostra-gratis" | ... 183 more ... | ".."'.
src/routes/_clientarea.cliente.rede-academica.buscar.tsx(12,1933): error TS2353: Object literal may only specify known properties, and 'slug' does not exist in type 'ParamsReducerFn<RouterCore<Route<Register, any, "/", "/", string, "__root__", undefined, {}, { queryClient: QueryClient; }, AnyContext, AnyContext, ... 6 more ..., undefined>, "never", false, RouterHistory, Record<...>>, "PATH", string, "/cliente/rede-academica/artigo/$slug">'.
src/routes/_clientarea.cliente.rede-academica.buscar.tsx(12,2242): error TS2322: Type '"/cliente/rede-academica/perfil/$username"' is not assignable to type '"/treinamento" | "/formacao-psicanalise" | "/cliente/biblioteca/cursos-gratuitos" | "/cliente/biblioteca" | "/" | "/acesso" | "/acesso-compra" | "/acoragemdecomecar" | "/amostra-gratis" | ... 183 more ... | ".."'.
src/routes/_clientarea.cliente.rede-academica.buscar.tsx(12,2297): error TS2353: Object literal may only specify known properties, and 'username' does not exist in type 'ParamsReducerFn<RouterCore<Route<Register, any, "/", "/", string, "__root__", undefined, {}, { queryClient: QueryClient; }, AnyContext, AnyContext, ... 6 more ..., undefined>, "never", false, RouterHistory, Record<...>>, "PATH", string, "/cliente/rede-academica/perfil/$username">'.
src/routes/_clientarea.cliente.rede-academica.criar-artigo.tsx(8,36): error TS2345: Argument of type '"/_clientarea/cliente/rede-academica/criar-artigo"' is not assignable to parameter of type 'keyof FileRoutesByPath | undefined'.
src/routes/_clientarea.cliente.rede-academica.criar-artigo.tsx(11,203): error TS2322: Type '"/cliente/rede-academica/artigo/$slug"' is not assignable to type '"/treinamento" | "/formacao-psicanalise" | "/cliente/biblioteca/cursos-gratuitos" | "/cliente/biblioteca" | "/" | "/acesso" | "/acesso-compra" | "/acoragemdecomecar" | "/amostra-gratis" | ... 183 more ... | ".."'.
src/routes/_clientarea.cliente.rede-academica.criar-artigo.tsx(11,253): error TS2353: Object literal may only specify known properties, and 'slug' does not exist in type 'ParamsReducerFn<RouterCore<Route<Register, any, "/", "/", string, "__root__", undefined, {}, { queryClient: QueryClient; }, AnyContext, AnyContext, ... 6 more ..., undefined>, "never", false, RouterHistory, Record<...>>, "PATH", string, "/cliente/rede-academica/artigo/$slug">'.
src/routes/_clientarea.cliente.rede-academica.criar-artigo.tsx(12,88): error TS2741: Property 'search' is missing in type '{ children: string; to: "/cliente/rede-academica"; className: string; }' but required in type 'MakeRequiredSearchParams<RouterCore<Route<Register, any, "/", "/", string, "__root__", undefined, {}, { queryClient: QueryClient; }, AnyContext, AnyContext, ... 6 more ..., undefined>, "never", false, RouterHistory, Record<...>>, string, "/cliente/rede-academica">'.
src/routes/_clientarea.cliente.rede-academica.criar.tsx(12,36): error TS2345: Argument of type '"/_clientarea/cliente/rede-academica/criar"' is not assignable to parameter of type 'keyof FileRoutesByPath | undefined'.
src/routes/_clientarea.cliente.rede-academica.criar.tsx(12,151): error TS4111: Property 'kind' comes from an index signature, so it must be accessed with ['kind'].
src/routes/_clientarea.cliente.rede-academica.criar.tsx(12,174): error TS4111: Property 'kind' comes from an index signature, so it must be accessed with ['kind'].
src/routes/_clientarea.cliente.rede-academica.criar.tsx(18,33): error TS2339: Property 'kind' does not exist on type '{} | { profissional: string | undefined; conversa: string | undefined; } | { tab: string | undefined; } | { portal?: "services"; v?: string; } | { participante?: string | undefined; } | { ...; }'.
  Property 'kind' does not exist on type '{}'.
src/routes/_clientarea.cliente.rede-academica.criar.tsx(18,64): error TS2339: Property 'kind' does not exist on type '{} | { profissional: string | undefined; conversa: string | undefined; } | { tab: string | undefined; } | { portal?: "services"; v?: string; } | { participante?: string | undefined; } | { ...; }'.
  Property 'kind' does not exist on type '{}'.
src/routes/_clientarea.cliente.rede-academica.criar.tsx(18,92): error TS2339: Property 'kind' does not exist on type '{} | { profissional: string | undefined; conversa: string | undefined; } | { tab: string | undefined; } | { portal?: "services"; v?: string; } | { participante?: string | undefined; } | { ...; }'.
  Property 'kind' does not exist on type '{}'.
src/routes/_clientarea.cliente.rede-academica.criar.tsx(18,124): error TS2339: Property 'kind' does not exist on type '{} | { profissional: string | undefined; conversa: string | undefined; } | { tab: string | undefined; } | { portal?: "services"; v?: string; } | { participante?: string | undefined; } | { ...; }'.
  Property 'kind' does not exist on type '{}'.
src/routes/_clientarea.cliente.rede-academica.criar.tsx(21,834): error TS2820: Type '"/cliente/rede-academica/post/$id"' is not assignable to type '"/treinamento" | "/formacao-psicanalise" | "/cliente/biblioteca/cursos-gratuitos" | "/cliente/biblioteca" | "/" | "/acesso" | "/acesso-compra" | "/acoragemdecomecar" | "/amostra-gratis" | ... 183 more ... | ".."'. Did you mean '"/cliente/rede-academica"'?
src/routes/_clientarea.cliente.rede-academica.criar.tsx(21,880): error TS2353: Object literal may only specify known properties, and 'id' does not exist in type 'ParamsReducerFn<RouterCore<Route<Register, any, "/", "/", string, "__root__", undefined, {}, { queryClient: QueryClient; }, AnyContext, AnyContext, ... 6 more ..., undefined>, "never", false, RouterHistory, Record<...>>, "PATH", string, "/cliente/rede-academica/post/$id">'.
src/routes/_clientarea.cliente.rede-academica.criar.tsx(23,87): error TS2741: Property 'search' is missing in type '{ children: string[]; to: "/cliente/rede-academica"; className: string; }' but required in type 'MakeRequiredSearchParams<RouterCore<Route<Register, any, "/", "/", string, "__root__", undefined, {}, { queryClient: QueryClient; }, AnyContext, AnyContext, ... 6 more ..., undefined>, "never", false, RouterHistory, Record<...>>, string, "/cliente/rede-academica">'.
src/routes/_clientarea.cliente.rede-academica.criar.tsx(23,913): error TS2322: Type '"/cliente/rede-academica/criar-artigo"' is not assignable to type '"/treinamento" | "/formacao-psicanalise" | "/cliente/biblioteca/cursos-gratuitos" | "/cliente/biblioteca" | "/" | "/acesso" | "/acesso-compra" | "/acoragemdecomecar" | "/amostra-gratis" | ... 183 more ... | ".."'.
src/routes/_clientarea.cliente.rede-academica.desafio.$slug.tsx(9,36): error TS2345: Argument of type '"/_clientarea/cliente/rede-academica/desafio/$slug"' is not assignable to parameter of type 'keyof FileRoutesByPath | undefined'.
src/routes/_clientarea.cliente.rede-academica.desafio.$slug.tsx(19,10): error TS2339: Property 'slug' does not exist on type '{ slug: string; } | { slug: string; } | { slug: string; } | { slug: string; } | { slug: string; } | { category: string; } | { orderId: string; } | { key: string; } | { productKey: string; } | { slug: string; } | ... 162 more ... | {}'.
src/routes/_clientarea.cliente.rede-academica.desafio.$slug.tsx(21,93): error TS2820: Type '"/cliente/rede-academica/desafios"' is not assignable to type '"/treinamento" | "/formacao-psicanalise" | "/cliente/biblioteca/cursos-gratuitos" | "/cliente/biblioteca" | "/" | "/acesso" | "/acesso-compra" | "/acoragemdecomecar" | "/amostra-gratis" | ... 183 more ... | ".."'. Did you mean '"/cliente/rede-academica"'?
src/routes/_clientarea.cliente.rede-academica.desafio.$slug.tsx(21,3004): error TS2820: Type '"/cliente/rede-academica/criar"' is not assignable to type '"/treinamento" | "/formacao-psicanalise" | "/cliente/biblioteca/cursos-gratuitos" | "/cliente/biblioteca" | "/" | "/acesso" | "/acesso-compra" | "/acoragemdecomecar" | "/amostra-gratis" | ... 183 more ... | ".."'. Did you mean '"/cliente/rede-academica"'?
src/routes/_clientarea.cliente.rede-academica.desafio.$slug.tsx(21,4014): error TS2322: Type '"/cliente/rede-academica/criar-artigo"' is not assignable to type '"/treinamento" | "/formacao-psicanalise" | "/cliente/biblioteca/cursos-gratuitos" | "/cliente/biblioteca" | "/" | "/acesso" | "/acesso-compra" | "/acoragemdecomecar" | "/amostra-gratis" | ... 183 more ... | ".."'.
src/routes/_clientarea.cliente.rede-academica.desafios.tsx(8,36): error TS2345: Argument of type '"/_clientarea/cliente/rede-academica/desafios"' is not assignable to parameter of type 'keyof FileRoutesByPath | undefined'.
src/routes/_clientarea.cliente.rede-academica.desafios.tsx(19,149): error TS2741: Property 'search' is missing in type '{ children: string[]; to: "/cliente/rede-academica"; className: string; }' but required in type 'MakeRequiredSearchParams<RouterCore<Route<Register, any, "/", "/", string, "__root__", undefined, {}, { queryClient: QueryClient; }, AnyContext, AnyContext, ... 6 more ..., undefined>, "never", false, RouterHistory, Record<...>>, string, "/cliente/rede-academica">'.
src/routes/_clientarea.cliente.rede-academica.desafios.tsx(19,2124): error TS2322: Type '"/cliente/rede-academica/criar-artigo"' is not assignable to type '"/treinamento" | "/formacao-psicanalise" | "/cliente/biblioteca/cursos-gratuitos" | "/cliente/biblioteca" | "/" | "/acesso" | "/acesso-compra" | "/acoragemdecomecar" | "/amostra-gratis" | ... 183 more ... | ".."'.
src/routes/_clientarea.cliente.rede-academica.desafios.tsx(19,2303): error TS2820: Type '"/cliente/rede-academica/criar"' is not assignable to type '"/treinamento" | "/formacao-psicanalise" | "/cliente/biblioteca/cursos-gratuitos" | "/cliente/biblioteca" | "/" | "/acesso" | "/acesso-compra" | "/acoragemdecomecar" | "/amostra-gratis" | ... 183 more ... | ".."'. Did you mean '"/cliente/rede-academica"'?
src/routes/_clientarea.cliente.rede-academica.editar-perfil.tsx(13,36): error TS2345: Argument of type '"/_clientarea/cliente/rede-academica/editar-perfil"' is not assignable to parameter of type 'keyof FileRoutesByPath | undefined'.
src/routes/_clientarea.cliente.rede-academica.editar-perfil.tsx(25,392): error TS2322: Type '"/cliente/rede-academica/perfil/$username"' is not assignable to type '"/treinamento" | "/formacao-psicanalise" | "/cliente/biblioteca/cursos-gratuitos" | "/cliente/biblioteca" | "/" | "/acesso" | "/acesso-compra" | "/acoragemdecomecar" | "/amostra-gratis" | ... 183 more ... | ".."'.
src/routes/_clientarea.cliente.rede-academica.editar-perfil.tsx(25,446): error TS2353: Object literal may only specify known properties, and 'username' does not exist in type 'ParamsReducerFn<RouterCore<Route<Register, any, "/", "/", string, "__root__", undefined, {}, { queryClient: QueryClient; }, AnyContext, AnyContext, ... 6 more ..., undefined>, "never", false, RouterHistory, Record<...>>, "PATH", string, "/cliente/rede-academica/perfil/$username">'.
src/routes/_clientarea.cliente.rede-academica.editar-perfil.tsx(28,87): error TS2741: Property 'search' is missing in type '{ children: string[]; to: "/cliente/rede-academica"; className: string; }' but required in type 'MakeRequiredSearchParams<RouterCore<Route<Register, any, "/", "/", string, "__root__", undefined, {}, { queryClient: QueryClient; }, AnyContext, AnyContext, ... 6 more ..., undefined>, "never", false, RouterHistory, Record<...>>, string, "/cliente/rede-academica">'.
src/routes/_clientarea.cliente.rede-academica.notificacoes.tsx(9,36): error TS2345: Argument of type '"/_clientarea/cliente/rede-academica/notificacoes"' is not assignable to parameter of type 'keyof FileRoutesByPath | undefined'.
src/routes/_clientarea.cliente.rede-academica.notificacoes.tsx(19,150): error TS2741: Property 'search' is missing in type '{ children: string[]; to: "/cliente/rede-academica"; className: string; }' but required in type 'MakeRequiredSearchParams<RouterCore<Route<Register, any, "/", "/", string, "__root__", undefined, {}, { queryClient: QueryClient; }, AnyContext, AnyContext, ... 6 more ..., undefined>, "never", false, RouterHistory, Record<...>>, string, "/cliente/rede-academica">'.
src/routes/_clientarea.cliente.rede-academica.perfil-editorial.$username.tsx(9,36): error TS2345: Argument of type '"/_clientarea/cliente/rede-academica/perfil-editorial/$username"' is not assignable to parameter of type 'keyof FileRoutesByPath | undefined'.
src/routes/_clientarea.cliente.rede-academica.perfil-editorial.$username.tsx(16,40): error TS2339: Property 'username' does not exist on type '{ slug: string; } | { slug: string; } | { slug: string; } | { slug: string; } | { slug: string; } | { category: string; } | { orderId: string; } | { key: string; } | { productKey: string; } | { slug: string; } | ... 162 more ... | {}'.
src/routes/_clientarea.cliente.rede-academica.perfil-editorial.$username.tsx(16,906): error TS2741: Property 'search' is missing in type '{ children: "← REDE ACADÊMICA" | "← ACADEMIC NETWORK" | "← RÉSEAU ACADÉMIQUE" | "← RED ACADÉMICA"; to: "/cliente/rede-academica"; className: string; }' but required in type 'MakeRequiredSearchParams<RouterCore<Route<Register, any, "/", "/", string, "__root__", undefined, {}, { queryClient: QueryClient; }, AnyContext, AnyContext, ... 6 more ..., undefined>, "never", false, RouterHistory, Record<...>>, string, "/cliente/rede-academica">'.
src/routes/_clientarea.cliente.rede-academica.perfil-editorial.$username.tsx(16,3822): error TS2820: Type '"/cliente/rede-academica/buscar"' is not assignable to type '"/treinamento" | "/formacao-psicanalise" | "/cliente/biblioteca/cursos-gratuitos" | "/cliente/biblioteca" | "/" | "/acesso" | "/acesso-compra" | "/acoragemdecomecar" | "/amostra-gratis" | ... 183 more ... | ".."'. Did you mean '"/cliente/rede-academica"'?
src/routes/_clientarea.cliente.rede-academica.perfil-editorial.$username.tsx(16,4301): error TS2322: Type '"/cliente/rede-academica/artigo-editorial/$slug"' is not assignable to type '"/treinamento" | "/formacao-psicanalise" | "/cliente/biblioteca/cursos-gratuitos" | "/cliente/biblioteca" | "/" | "/acesso" | "/acesso-compra" | "/acoragemdecomecar" | "/amostra-gratis" | ... 183 more ... | ".."'.
src/routes/_clientarea.cliente.rede-academica.perfil-editorial.$username.tsx(16,4362): error TS2353: Object literal may only specify known properties, and 'slug' does not exist in type 'ParamsReducerFn<RouterCore<Route<Register, any, "/", "/", string, "__root__", undefined, {}, { queryClient: QueryClient; }, AnyContext, AnyContext, ... 6 more ..., undefined>, "never", false, RouterHistory, Record<...>>, "PATH", string, "/cliente/rede-academica/artigo-editorial/$slug">'.
src/routes/_clientarea.cliente.rede-academica.perfil.$username.tsx(9,36): error TS2345: Argument of type '"/_clientarea/cliente/rede-academica/perfil/$username"' is not assignable to parameter of type 'keyof FileRoutesByPath | undefined'.
src/routes/_clientarea.cliente.rede-academica.perfil.$username.tsx(19,10): error TS2339: Property 'username' does not exist on type '{ slug: string; } | { slug: string; } | { slug: string; } | { slug: string; } | { slug: string; } | { category: string; } | { orderId: string; } | { key: string; } | { productKey: string; } | { slug: string; } | ... 162 more ... | {}'.
src/routes/_clientarea.cliente.rede-academica.perfil.$username.tsx(28,6): error TS2741: Property 'search' is missing in type '{ children: string[]; to: "/cliente/rede-academica"; className: string; }' but required in type 'MakeRequiredSearchParams<RouterCore<Route<Register, any, "/", "/", string, "__root__", undefined, {}, { queryClient: QueryClient; }, AnyContext, AnyContext, ... 6 more ..., undefined>, "never", false, RouterHistory, Record<...>>, string, "/cliente/rede-academica">'.
src/routes/_clientarea.cliente.rede-academica.perfil.$username.tsx(30,285): error TS2820: Type '"/cliente/rede-academica/salvos"' is not assignable to type '"/treinamento" | "/formacao-psicanalise" | "/cliente/biblioteca/cursos-gratuitos" | "/cliente/biblioteca" | "/" | "/acesso" | "/acesso-compra" | "/acoragemdecomecar" | "/amostra-gratis" | ... 183 more ... | ".."'. Did you mean '"/cliente/rede-academica"'?
src/routes/_clientarea.cliente.rede-academica.perfil.$username.tsx(32,132): error TS2322: Type '"/cliente/rede-academica/artigo/$slug"' is not assignable to type '"/treinamento" | "/formacao-psicanalise" | "/cliente/biblioteca/cursos-gratuitos" | "/cliente/biblioteca" | "/" | "/acesso" | "/acesso-compra" | "/acoragemdecomecar" | "/amostra-gratis" | ... 183 more ... | ".."'.
src/routes/_clientarea.cliente.rede-academica.perfil.$username.tsx(32,183): error TS2353: Object literal may only specify known properties, and 'slug' does not exist in type 'ParamsReducerFn<RouterCore<Route<Register, any, "/", "/", string, "__root__", undefined, {}, { queryClient: QueryClient; }, AnyContext, AnyContext, ... 6 more ..., undefined>, "never", false, RouterHistory, Record<...>>, "PATH", string, "/cliente/rede-academica/artigo/$slug">'.
src/routes/_clientarea.cliente.rede-academica.post.$id.tsx(10,36): error TS2345: Argument of type '"/_clientarea/cliente/rede-academica/post/$id"' is not assignable to parameter of type 'keyof FileRoutesByPath | undefined'.
src/routes/_clientarea.cliente.rede-academica.post.$id.tsx(20,9): error TS2339: Property 'id' does not exist on type '{ slug: string; } | { slug: string; } | { slug: string; } | { slug: string; } | { slug: string; } | { category: string; } | { orderId: string; } | { key: string; } | { productKey: string; } | { slug: string; } | ... 162 more ... | {}'.
src/routes/_clientarea.cliente.rede-academica.post.$id.tsx(25,87): error TS2741: Property 'search' is missing in type '{ children: string[]; to: "/cliente/rede-academica"; className: string; }' but required in type 'MakeRequiredSearchParams<RouterCore<Route<Register, any, "/", "/", string, "__root__", undefined, {}, { queryClient: QueryClient; }, AnyContext, AnyContext, ... 6 more ..., undefined>, "never", false, RouterHistory, Record<...>>, string, "/cliente/rede-academica">'.
src/routes/_clientarea.cliente.rede-academica.post.$id.tsx(25,701): error TS2322: Type '"/cliente/rede-academica/perfil/$username"' is not assignable to type '"/treinamento" | "/formacao-psicanalise" | "/cliente/biblioteca/cursos-gratuitos" | "/cliente/biblioteca" | "/" | "/acesso" | "/acesso-compra" | "/acoragemdecomecar" | "/amostra-gratis" | ... 183 more ... | ".."'.
src/routes/_clientarea.cliente.rede-academica.post.$id.tsx(25,756): error TS2353: Object literal may only specify known properties, and 'username' does not exist in type 'ParamsReducerFn<RouterCore<Route<Register, any, "/", "/", string, "__root__", undefined, {}, { queryClient: QueryClient; }, AnyContext, AnyContext, ... 6 more ..., undefined>, "never", false, RouterHistory, Record<...>>, "PATH", string, "/cliente/rede-academica/perfil/$username">'.
src/routes/_clientarea.cliente.rede-academica.post.$id.tsx(25,1727): error TS2820: Type '"/cliente/rede-academica/buscar"' is not assignable to type '"/treinamento" | "/formacao-psicanalise" | "/cliente/biblioteca/cursos-gratuitos" | "/cliente/biblioteca" | "/" | "/acesso" | "/acesso-compra" | "/acoragemdecomecar" | "/amostra-gratis" | ... 183 more ... | ".."'. Did you mean '"/cliente/rede-academica"'?
src/routes/_clientarea.cliente.rede-academica.salvos.tsx(8,36): error TS2345: Argument of type '"/_clientarea/cliente/rede-academica/salvos"' is not assignable to parameter of type 'keyof FileRoutesByPath | undefined'.
src/routes/_clientarea.cliente.rede-academica.salvos.tsx(16,364): error TS2741: Property 'search' is missing in type '{ children: string[]; to: "/cliente/rede-academica"; className: string; }' but required in type 'MakeRequiredSearchParams<RouterCore<Route<Register, any, "/", "/", string, "__root__", undefined, {}, { queryClient: QueryClient; }, AnyContext, AnyContext, ... 6 more ..., undefined>, "never", false, RouterHistory, Record<...>>, string, "/cliente/rede-academica">'.
src/routes/_clientarea.cliente.rede-academica.salvos.tsx(16,1040): error TS2820: Type '"/cliente/rede-academica/post/$id"' is not assignable to type '"/treinamento" | "/formacao-psicanalise" | "/cliente/biblioteca/cursos-gratuitos" | "/cliente/biblioteca" | "/" | "/acesso" | "/acesso-compra" | "/acoragemdecomecar" | "/amostra-gratis" | ... 183 more ... | ".."'. Did you mean '"/cliente/rede-academica"'?
src/routes/_clientarea.cliente.rede-academica.salvos.tsx(16,1087): error TS2353: Object literal may only specify known properties, and 'id' does not exist in type 'ParamsReducerFn<RouterCore<Route<Register, any, "/", "/", string, "__root__", undefined, {}, { queryClient: QueryClient; }, AnyContext, AnyContext, ... 6 more ..., undefined>, "never", false, RouterHistory, Record<...>>, "PATH", string, "/cliente/rede-academica/post/$id">'.
src/routes/_clientarea.cliente.rede-academica.salvos.tsx(16,1545): error TS2322: Type '"/cliente/rede-academica/artigo/$slug"' is not assignable to type '"/treinamento" | "/formacao-psicanalise" | "/cliente/biblioteca/cursos-gratuitos" | "/cliente/biblioteca" | "/" | "/acesso" | "/acesso-compra" | "/acoragemdecomecar" | "/amostra-gratis" | ... 183 more ... | ".."'.
src/routes/_clientarea.cliente.rede-academica.salvos.tsx(16,1596): error TS2353: Object literal may only specify known properties, and 'slug' does not exist in type 'ParamsReducerFn<RouterCore<Route<Register, any, "/", "/", string, "__root__", undefined, {}, { queryClient: QueryClient; }, AnyContext, AnyContext, ... 6 more ..., undefined>, "never", false, RouterHistory, Record<...>>, "PATH", string, "/cliente/rede-academica/artigo/$slug">'.
src/routes/_clientarea.cliente.rede-academica.tsx(19,144): error TS4111: Property 'tab' comes from an index signature, so it must be accessed with ['tab'].
src/routes/_clientarea.cliente.rede-academica.tsx(19,166): error TS4111: Property 'tab' comes from an index signature, so it must be accessed with ['tab'].
src/routes/_clientarea.cliente.rede-academica.tsx(67,13): error TS2820: Type '"/cliente/rede-academica/criar"' is not assignable to type '"/treinamento" | "/formacao-psicanalise" | "/cliente/biblioteca/cursos-gratuitos" | "/cliente/biblioteca" | "/" | "/acesso" | "/acesso-compra" | "/acoragemdecomecar" | "/amostra-gratis" | ... 183 more ... | ".."'. Did you mean '"/cliente/rede-academica"'?
src/routes/_clientarea.cliente.rede-academica.tsx(68,13): error TS2820: Type '"/cliente/rede-academica/buscar"' is not assignable to type '"/treinamento" | "/formacao-psicanalise" | "/cliente/biblioteca/cursos-gratuitos" | "/cliente/biblioteca" | "/" | "/acesso" | "/acesso-compra" | "/acoragemdecomecar" | "/amostra-gratis" | ... 183 more ... | ".."'. Did you mean '"/cliente/rede-academica"'?
src/routes/_clientarea.cliente.rede-academica.tsx(69,13): error TS2322: Type '"/cliente/rede-academica/notificacoes"' is not assignable to type '"/treinamento" | "/formacao-psicanalise" | "/cliente/biblioteca/cursos-gratuitos" | "/cliente/biblioteca" | "/" | "/acesso" | "/acesso-compra" | "/acoragemdecomecar" | "/amostra-gratis" | ... 183 more ... | ".."'.
src/routes/_clientarea.cliente.rede-academica.tsx(70,13): error TS2820: Type '"/cliente/rede-academica/desafios"' is not assignable to type '"/treinamento" | "/formacao-psicanalise" | "/cliente/biblioteca/cursos-gratuitos" | "/cliente/biblioteca" | "/" | "/acesso" | "/acesso-compra" | "/acoragemdecomecar" | "/amostra-gratis" | ... 183 more ... | ".."'. Did you mean '"/cliente/rede-academica"'?
src/routes/_clientarea.cliente.rede-academica.tsx(71,13): error TS2820: Type '"/cliente/rede-academica/salvos"' is not assignable to type '"/treinamento" | "/formacao-psicanalise" | "/cliente/biblioteca/cursos-gratuitos" | "/cliente/biblioteca" | "/" | "/acesso" | "/acesso-compra" | "/acoragemdecomecar" | "/amostra-gratis" | ... 183 more ... | ".."'. Did you mean '"/cliente/rede-academica"'?
src/routes/_clientarea.cliente.rede-academica.tsx(102,11): error TS2820: Type '"/cliente/rede-academica/criar"' is not assignable to type '"/treinamento" | "/formacao-psicanalise" | "/cliente/biblioteca/cursos-gratuitos" | "/cliente/biblioteca" | "/" | "/acesso" | "/acesso-compra" | "/acoragemdecomecar" | "/amostra-gratis" | ... 183 more ... | ".."'. Did you mean '"/cliente/rede-academica"'?
src/routes/_clientarea.cliente.rede-academica.tsx(103,11): error TS2322: Type '"/cliente/rede-academica/notificacoes"' is not assignable to type '"/treinamento" | "/formacao-psicanalise" | "/cliente/biblioteca/cursos-gratuitos" | "/cliente/biblioteca" | "/" | "/acesso" | "/acesso-compra" | "/acoragemdecomecar" | "/amostra-gratis" | ... 183 more ... | ".."'.
src/routes/_clientarea.cliente.rede-academica.tsx(118,2442): error TS2322: Type '"/cliente/rede-academica/editar-perfil"' is not assignable to type '"/treinamento" | "/formacao-psicanalise" | "/cliente/biblioteca/cursos-gratuitos" | "/cliente/biblioteca" | "/" | "/acesso" | "/acesso-compra" | "/acoragemdecomecar" | "/amostra-gratis" | ... 183 more ... | ".."'.
src/routes/_clientarea.cliente.rede-academica.tsx(118,2624): error TS2322: Type '"/cliente/rede-academica/perfil/$username"' is not assignable to type '"/treinamento" | "/formacao-psicanalise" | "/cliente/biblioteca/cursos-gratuitos" | "/cliente/biblioteca" | "/" | "/acesso" | "/acesso-compra" | "/acoragemdecomecar" | "/amostra-gratis" | ... 183 more ... | ".."'.
src/routes/_clientarea.cliente.rede-academica.tsx(118,2679): error TS2353: Object literal may only specify known properties, and 'username' does not exist in type 'ParamsReducerFn<RouterCore<Route<Register, any, "/", "/", string, "__root__", undefined, {}, { queryClient: QueryClient; }, AnyContext, AnyContext, ... 6 more ..., undefined>, "never", false, RouterHistory, Record<...>>, "PATH", string, "/cliente/rede-academica/perfil/$username">'.
src/routes/_clientarea.cliente.rede-academica.tsx(118,2829): error TS2820: Type '"/cliente/rede-academica/salvos"' is not assignable to type '"/treinamento" | "/formacao-psicanalise" | "/cliente/biblioteca/cursos-gratuitos" | "/cliente/biblioteca" | "/" | "/acesso" | "/acesso-compra" | "/acoragemdecomecar" | "/amostra-gratis" | ... 183 more ... | ".."'. Did you mean '"/cliente/rede-academica"'?
src/routes/_clientarea.cliente.treinamentos.curso-avulso.$slug.tsx(15,3552): error TS18048: 'p' is possibly 'undefined'.
src/routes/_clientarea.cliente.treinamentos.do-mamao-ao-negocio.tsx(83,23): error TS2339: Property 'trainingState' does not exist on type '{}'.
src/routes/_clientarea.cliente.treinamentos.do-mamao-ao-negocio.tsx(84,24): error TS4111: Property 'dailyActivities' comes from an index signature, so it must be accessed with ['dailyActivities'].
src/routes/_clientarea.cliente.treinamentos.do-mamao-ao-negocio.tsx(84,54): error TS4111: Property 'dailyActivities' comes from an index signature, so it must be accessed with ['dailyActivities'].
src/routes/_clientarea.cliente.treinamentos.do-mamao-ao-negocio.tsx(84,87): error TS4111: Property 'dailyActivities' comes from an index signature, so it must be accessed with ['dailyActivities'].
src/routes/_clientarea.cliente.treinamentos.do-mamao-ao-negocio.tsx(85,82): error TS4111: Property 'studentSignature' comes from an index signature, so it must be accessed with ['studentSignature'].
src/routes/_clientarea.cliente.treinamentos.do-mamao-ao-negocio.tsx(85,116): error TS4111: Property 'studentSignature' comes from an index signature, so it must be accessed with ['studentSignature'].
src/routes/_clientarea.cliente.treinamentos.do-mamao-ao-negocio.tsx(85,138): error TS2339: Property 'studentName' does not exist on type '{}'.
src/routes/_clientarea.cliente.treinamentos.do-mamao-ao-negocio.tsx(86,34): error TS2339: Property 'progressPercent' does not exist on type '{}'.
src/routes/_clientarea.cliente.treinamentos.do-mamao-ao-negocio.tsx(86,76): error TS2339: Property 'completedAt' does not exist on type '{}'.
src/routes/_clientarea.cliente.treinamentos.do-mamao-ao-negocio.tsx(86,118): error TS2339: Property 'certificateAvailableAt' does not exist on type '{}'.
src/routes/_clientarea.cliente.treinamentos.do-mamao-ao-negocio.tsx(87,31): error TS2339: Property 'enrolledAt' does not exist on type '{}'.
src/routes/_clientarea.cliente.treinamentos.do-mamao-ao-negocio.tsx(88,29): error TS4111: Property 'lastDay' comes from an index signature, so it must be accessed with ['lastDay'].
src/routes/_clientarea.cliente.treinamentos.do-mamao-ao-negocio.tsx(88,54): error TS4111: Property 'lastDay' comes from an index signature, so it must be accessed with ['lastDay'].
src/routes/_clientarea.cliente.treinamentos.do-mamao-ao-negocio.tsx(92,118): error TS2339: Property 'trainingState' does not exist on type '{}'.
src/routes/_clientarea.cliente.treinamentos.do-mamao-ao-negocio.tsx(93,31): error TS2345: Argument of type 'string | undefined' is not assignable to parameter of type 'SetStateAction<string>'.
  Type 'undefined' is not assignable to type 'SetStateAction<string>'.
src/routes/_clientarea.cliente.treinamentos.do-mamao-ao-negocio.tsx(93,33): error TS4111: Property 'syncing' comes from an index signature, so it must be accessed with ['syncing'].
src/routes/_clientarea.cliente.treinamentos.do-mamao-ao-negocio.tsx(94,34): error TS2345: Argument of type 'string | undefined' is not assignable to parameter of type 'SetStateAction<string>'.
  Type 'undefined' is not assignable to type 'SetStateAction<string>'.
src/routes/_clientarea.cliente.treinamentos.do-mamao-ao-negocio.tsx(94,36): error TS4111: Property 'saved' comes from an index signature, so it must be accessed with ['saved'].
src/routes/_clientarea.cliente.treinamentos.do-mamao-ao-negocio.tsx(95,5): error TS1117: An object literal cannot have multiple properties with the same name.
src/routes/_clientarea.cliente.treinamentos.do-mamao-ao-negocio.tsx(97,89): error TS2339: Property 'trainingId' does not exist on type '{}'.
src/routes/_clientarea.cliente.treinamentos.do-mamao-ao-negocio.tsx(115,33): error TS2339: Property 'enrolledAt' does not exist on type '{}'.
src/routes/_clientarea.cliente.treinamentos.do-mamao-ao-negocio.tsx(118,31): error TS2339: Property 'projectSubmissions' does not exist on type '{}'.
src/routes/_clientarea.cliente.treinamentos.do-mamao-ao-negocio.tsx(130,75): error TS2339: Property 'trainingId' does not exist on type '{}'.
src/routes/_clientarea.cliente.treinamentos.do-mamao-ao-negocio.tsx(131,86): error TS2339: Property 'trainingId' does not exist on type '{}'.
src/routes/_clientarea.cliente.treinamentos.do-mamao-ao-negocio.tsx(132,76): error TS2339: Property 'trainingId' does not exist on type '{}'.
src/routes/_clientarea.cliente.treinamentos.do-mamao-ao-negocio.tsx(149,5): error TS2322: Type '{ [x: string]: DayState | { completedAt: string | null | undefined; updatedAt: string; objectiveAnswers: Record<string, string>; writtenAnswers: Record<string, string>; quizAnswers: Record<string, number>; }; }' is not assignable to type 'Activities'.
  'string' index signatures are incompatible.
    Type 'DayState | { completedAt: string | null | undefined; updatedAt: string; objectiveAnswers: Record<string, string>; writtenAnswers: Record<string, string>; quizAnswers: Record<...>; }' is not assignable to type 'DayState' with 'exactOptionalPropertyTypes: true'. Consider adding 'undefined' to the types of the target's properties.
      Type '{ completedAt: string | null | undefined; updatedAt: string; objectiveAnswers: Record<string, string>; writtenAnswers: Record<string, string>; quizAnswers: Record<string, number>; }' is not assignable to type 'DayState' with 'exactOptionalPropertyTypes: true'. Consider adding 'undefined' to the types of the target's properties.
        Types of property 'completedAt' are incompatible.
          Type 'string | null | undefined' is not assignable to type 'string | null'.
            Type 'undefined' is not assignable to type 'string | null'.
src/routes/_clientarea.cliente.treinamentos.do-mamao-ao-negocio.tsx(150,19): error TS2345: Argument of type '{ [x: string]: DayState | { completedAt: string | null | undefined; updatedAt: string; objectiveAnswers: Record<string, string>; writtenAnswers: Record<string, string>; quizAnswers: Record<string, number>; }; }' is not assignable to parameter of type 'SetStateAction<Activities>'.
src/routes/_clientarea.cliente.treinamentos.do-mamao-ao-negocio.tsx(152,36): error TS2379: Argument of type '{ completedAt: string | null | undefined; updatedAt: string; objectiveAnswers: Record<string, string>; writtenAnswers: Record<string, string>; quizAnswers: Record<string, number>; }' is not assignable to parameter of type 'DayState' with 'exactOptionalPropertyTypes: true'. Consider adding 'undefined' to the types of the target's properties.
  Types of property 'completedAt' are incompatible.
    Type 'string | null | undefined' is not assignable to type 'string | null'.
      Type 'undefined' is not assignable to type 'string | null'.
src/routes/_clientarea.cliente.treinamentos.do-mamao-ao-negocio.tsx(153,18): error TS2322: Type '{ [x: string]: DayState | { completedAt: string | null | undefined; updatedAt: string; objectiveAnswers: Record<string, string>; writtenAnswers: Record<string, string>; quizAnswers: Record<string, number>; }; }' is not assignable to type 'Activities'.
  'string' index signatures are incompatible.
    Type 'DayState | { completedAt: string | null | undefined; updatedAt: string; objectiveAnswers: Record<string, string>; writtenAnswers: Record<string, string>; quizAnswers: Record<...>; }' is not assignable to type 'DayState' with 'exactOptionalPropertyTypes: true'. Consider adding 'undefined' to the types of the target's properties.
      Type '{ completedAt: string | null | undefined; updatedAt: string; objectiveAnswers: Record<string, string>; writtenAnswers: Record<string, string>; quizAnswers: Record<string, number>; }' is not assignable to type 'DayState' with 'exactOptionalPropertyTypes: true'. Consider adding 'undefined' to the types of the target's properties.
        Types of property 'completedAt' are incompatible.
          Type 'string | null | undefined' is not assignable to type 'string | null'.
            Type 'undefined' is not assignable to type 'string | null'.
src/routes/_clientarea.cliente.treinamentos.do-mamao-ao-negocio.tsx(160,241): error TS18046: 'data' is of type 'unknown'.
src/routes/_clientarea.cliente.treinamentos.do-mamao-ao-negocio.tsx(162,29): error TS2345: Argument of type 'string | undefined' is not assignable to parameter of type 'string'.
  Type 'undefined' is not assignable to type 'string'.
src/routes/_clientarea.cliente.treinamentos.do-mamao-ao-negocio.tsx(162,31): error TS4111: Property 'manualEmpty' comes from an index signature, so it must be accessed with ['manualEmpty'].
src/routes/_clientarea.cliente.treinamentos.do-mamao-ao-negocio.tsx(163,212): error TS18048: 'st' is possibly 'undefined'.
src/routes/_clientarea.cliente.treinamentos.do-mamao-ao-negocio.tsx(163,238): error TS18048: 'st' is possibly 'undefined'.
src/routes/_clientarea.cliente.treinamentos.do-mamao-ao-negocio.tsx(165,117): error TS18046: 'data' is of type 'unknown'.
src/routes/_clientarea.cliente.treinamentos.do-mamao-ao-negocio.tsx(171,432): error TS18046: 'data' is of type 'unknown'.
src/routes/_clientarea.cliente.treinamentos.do-mamao-ao-negocio.tsx(177,44): error TS2322: Type 'string | undefined' is not assignable to type 'string'.
  Type 'undefined' is not assignable to type 'string'.
src/routes/_clientarea.cliente.treinamentos.do-mamao-ao-negocio.tsx(177,46): error TS4111: Property 'start' comes from an index signature, so it must be accessed with ['start'].
src/routes/_clientarea.cliente.treinamentos.do-mamao-ao-negocio.tsx(177,70): error TS2322: Type 'string | undefined' is not assignable to type 'string'.
  Type 'undefined' is not assignable to type 'string'.
src/routes/_clientarea.cliente.treinamentos.do-mamao-ao-negocio.tsx(177,72): error TS4111: Property 'lesson' comes from an index signature, so it must be accessed with ['lesson'].
src/routes/_clientarea.cliente.treinamentos.do-mamao-ao-negocio.tsx(177,104): error TS2322: Type 'string | undefined' is not assignable to type 'string'.
  Type 'undefined' is not assignable to type 'string'.
src/routes/_clientarea.cliente.treinamentos.do-mamao-ao-negocio.tsx(177,106): error TS4111: Property 'manual' comes from an index signature, so it must be accessed with ['manual'].
src/routes/_clientarea.cliente.treinamentos.do-mamao-ao-negocio.tsx(177,136): error TS2322: Type 'string | undefined' is not assignable to type 'string'.
  Type 'undefined' is not assignable to type 'string'.
src/routes/_clientarea.cliente.treinamentos.do-mamao-ao-negocio.tsx(177,138): error TS4111: Property 'project' comes from an index signature, so it must be accessed with ['project'].
src/routes/_clientarea.cliente.treinamentos.do-mamao-ao-negocio.tsx(177,168): error TS2322: Type 'string | undefined' is not assignable to type 'string'.
  Type 'undefined' is not assignable to type 'string'.
src/routes/_clientarea.cliente.treinamentos.do-mamao-ao-negocio.tsx(177,170): error TS4111: Property 'live' comes from an index signature, so it must be accessed with ['live'].
src/routes/_clientarea.cliente.treinamentos.do-mamao-ao-negocio.tsx(192,216): error TS4111: Property 'back' comes from an index signature, so it must be accessed with ['back'].
src/routes/_clientarea.cliente.treinamentos.do-mamao-ao-negocio.tsx(192,579): error TS4111: Property 'appearance' comes from an index signature, so it must be accessed with ['appearance'].
src/routes/_clientarea.cliente.treinamentos.do-mamao-ao-negocio.tsx(192,774): error TS4111: Property 'light' comes from an index signature, so it must be accessed with ['light'].
src/routes/_clientarea.cliente.treinamentos.do-mamao-ao-negocio.tsx(192,924): error TS4111: Property 'dark' comes from an index signature, so it must be accessed with ['dark'].
src/routes/_clientarea.cliente.treinamentos.do-mamao-ao-negocio.tsx(192,1000): error TS4111: Property 'font' comes from an index signature, so it must be accessed with ['font'].
src/routes/_clientarea.cliente.treinamentos.do-mamao-ao-negocio.tsx(193,108): error TS4111: Property 'meta' comes from an index signature, so it must be accessed with ['meta'].
src/routes/_clientarea.cliente.treinamentos.do-mamao-ao-negocio.tsx(193,326): error TS4111: Property 'lifetime' comes from an index signature, so it must be accessed with ['lifetime'].
src/routes/_clientarea.cliente.treinamentos.do-mamao-ao-negocio.tsx(193,496): error TS2339: Property 'cohortNumber' does not exist on type '{}'.
src/routes/_clientarea.cliente.treinamentos.do-mamao-ao-negocio.tsx(193,643): error TS2339: Property 'cohortNumber' does not exist on type '{}'.
src/routes/_clientarea.cliente.treinamentos.do-mamao-ao-negocio.tsx(193,717): error TS2339: Property 'cohortNumber' does not exist on type '{}'.
src/routes/_clientarea.cliente.treinamentos.do-mamao-ao-negocio.tsx(193,785): error TS2339: Property 'cohortNumber' does not exist on type '{}'.
src/routes/_clientarea.cliente.treinamentos.do-mamao-ao-negocio.tsx(193,836): error TS2339: Property 'cohortNumber' does not exist on type '{}'.
src/routes/_clientarea.cliente.treinamentos.do-mamao-ao-negocio.tsx(194,94): error TS4111: Property 'progress' comes from an index signature, so it must be accessed with ['progress'].
src/routes/_clientarea.cliente.treinamentos.do-mamao-ao-negocio.tsx(199,142): error TS4111: Property 'how' comes from an index signature, so it must be accessed with ['how'].
src/routes/_clientarea.cliente.treinamentos.do-mamao-ao-negocio.tsx(199,204): error TS4111: Property 'how' comes from an index signature, so it must be accessed with ['how'].
src/routes/_clientarea.cliente.treinamentos.do-mamao-ao-negocio.tsx(199,257): error TS4111: Property 'howText' comes from an index signature, so it must be accessed with ['howText'].
src/routes/_clientarea.cliente.treinamentos.do-mamao-ao-negocio.tsx(199,444): error TS4111: Property 'daily' comes from an index signature, so it must be accessed with ['daily'].
src/routes/_clientarea.cliente.treinamentos.do-mamao-ao-negocio.tsx(199,507): error TS4111: Property 'dailyText' comes from an index signature, so it must be accessed with ['dailyText'].
src/routes/_clientarea.cliente.treinamentos.do-mamao-ao-negocio.tsx(199,647): error TS4111: Property 'meet' comes from an index signature, so it must be accessed with ['meet'].
src/routes/_clientarea.cliente.treinamentos.do-mamao-ao-negocio.tsx(199,709): error TS4111: Property 'meetText' comes from an index signature, so it must be accessed with ['meetText'].
src/routes/_clientarea.cliente.treinamentos.do-mamao-ao-negocio.tsx(199,853): error TS4111: Property 'evaluation' comes from an index signature, so it must be accessed with ['evaluation'].
src/routes/_clientarea.cliente.treinamentos.do-mamao-ao-negocio.tsx(199,921): error TS4111: Property 'evaluationText' comes from an index signature, so it must be accessed with ['evaluationText'].
src/routes/_clientarea.cliente.treinamentos.do-mamao-ao-negocio.tsx(199,1218): error TS4111: Property 'continue' comes from an index signature, so it must be accessed with ['continue'].
src/routes/_clientarea.cliente.treinamentos.do-mamao-ao-negocio.tsx(200,214): error TS4111: Property 'today' comes from an index signature, so it must be accessed with ['today'].
src/routes/_clientarea.cliente.treinamentos.do-mamao-ao-negocio.tsx(200,278): error TS4111: Property 'day' comes from an index signature, so it must be accessed with ['day'].
src/routes/_clientarea.cliente.treinamentos.do-mamao-ao-negocio.tsx(200,300): error TS2532: Object is possibly 'undefined'.
src/routes/_clientarea.cliente.treinamentos.do-mamao-ao-negocio.tsx(200,511): error TS4111: Property 'days' comes from an index signature, so it must be accessed with ['days'].
src/routes/_clientarea.cliente.treinamentos.do-mamao-ao-negocio.tsx(201,112): error TS4111: Property 'notices' comes from an index signature, so it must be accessed with ['notices'].
src/routes/_clientarea.cliente.treinamentos.do-mamao-ao-negocio.tsx(201,396): error TS4111: Property 'noNotice' comes from an index signature, so it must be accessed with ['noNotice'].
src/routes/_clientarea.cliente.treinamentos.do-mamao-ao-negocio.tsx(201,470): error TS4111: Property 'qa' comes from an index signature, so it must be accessed with ['qa'].
src/routes/_clientarea.cliente.treinamentos.do-mamao-ao-negocio.tsx(201,827): error TS4111: Property 'ask' comes from an index signature, so it must be accessed with ['ask'].
src/routes/_clientarea.cliente.treinamentos.do-mamao-ao-negocio.tsx(201,1081): error TS4111: Property 'send' comes from an index signature, so it must be accessed with ['send'].
src/routes/_clientarea.cliente.treinamentos.do-mamao-ao-negocio.tsx(228,206): error TS4111: Property 'manualTitle' comes from an index signature, so it must be accessed with ['manualTitle'].
src/routes/_clientarea.cliente.treinamentos.do-mamao-ao-negocio.tsx(228,267): error TS4111: Property 'manualText' comes from an index signature, so it must be accessed with ['manualText'].
src/routes/_clientarea.cliente.treinamentos.do-mamao-ao-negocio.tsx(228,837): error TS4111: Property 'manualEmpty' comes from an index signature, so it must be accessed with ['manualEmpty'].
src/routes/_clientarea.cliente.treinamentos.do-mamao-ao-negocio.tsx(228,921): error TS4111: Property 'signature' comes from an index signature, so it must be accessed with ['signature'].
src/routes/_clientarea.cliente.treinamentos.do-mamao-ao-negocio.tsx(228,980): error TS4111: Property 'signatureHelp' comes from an index signature, so it must be accessed with ['signatureHelp'].
src/routes/_clientarea.cliente.treinamentos.do-mamao-ao-negocio.tsx(228,1391): error TS4111: Property 'downloadManual' comes from an index signature, so it must be accessed with ['downloadManual'].
src/routes/_clientarea.cliente.treinamentos.do-mamao-ao-negocio.tsx(228,1668): error TS4111: Property 'downloadCertificate' comes from an index signature, so it must be accessed with ['downloadCertificate'].
src/routes/_clientarea.cliente.treinamentos.do-mamao-ao-negocio.tsx(228,1764): error TS4111: Property 'certificateWait' comes from an index signature, so it must be accessed with ['certificateWait'].
src/routes/_clientarea.cliente.treinamentos.do-mamao-ao-negocio.tsx(229,112): error TS4111: Property 'program' comes from an index signature, so it must be accessed with ['program'].
src/routes/_clientarea.cliente.treinamentos.do-mamao-ao-negocio.tsx(232,129): error TS4111: Property 'project' comes from an index signature, so it must be accessed with ['project'].
src/routes/_clientarea.cliente.treinamentos.do-mamao-ao-negocio.tsx(232,512): error TS2339: Property 'projectSubmissionEligible' does not exist on type '{}'.
src/routes/_clientarea.cliente.treinamentos.do-mamao-ao-negocio.tsx(232,540): error TS4111: Property 'projectReady' comes from an index signature, so it must be accessed with ['projectReady'].
src/routes/_clientarea.cliente.treinamentos.do-mamao-ao-negocio.tsx(232,555): error TS4111: Property 'projectLocked' comes from an index signature, so it must be accessed with ['projectLocked'].
src/routes/_clientarea.cliente.treinamentos.do-mamao-ao-negocio.tsx(232,615): error TS4111: Property 'credits' comes from an index signature, so it must be accessed with ['credits'].
src/routes/_clientarea.cliente.treinamentos.do-mamao-ao-negocio.tsx(232,631): error TS2339: Property 'availableProjectCredits' does not exist on type '{}'.
src/routes/_clientarea.cliente.treinamentos.do-mamao-ao-negocio.tsx(232,713): error TS2339: Property 'includedReviewsCompleted' does not exist on type '{}'.
src/routes/_clientarea.cliente.treinamentos.do-mamao-ao-negocio.tsx(232,801): error TS2339: Property 'includedReviewsCompleted' does not exist on type '{}'.
src/routes/_clientarea.cliente.treinamentos.do-mamao-ao-negocio.tsx(232,889): error TS2339: Property 'includedReviewsCompleted' does not exist on type '{}'.
src/routes/_clientarea.cliente.treinamentos.do-mamao-ao-negocio.tsx(232,956): error TS2339: Property 'includedReviewsCompleted' does not exist on type '{}'.
src/routes/_clientarea.cliente.treinamentos.do-mamao-ao-negocio.tsx(232,1004): error TS2339: Property 'projectSubmissionEligible' does not exist on type '{}'.
src/routes/_clientarea.cliente.treinamentos.do-mamao-ao-negocio.tsx(232,1036): error TS2339: Property 'availableProjectCredits' does not exist on type '{}'.
src/routes/_clientarea.cliente.treinamentos.do-mamao-ao-negocio.tsx(232,1184): error TS4111: Property 'projectName' comes from an index signature, so it must be accessed with ['projectName'].
src/routes/_clientarea.cliente.treinamentos.do-mamao-ao-negocio.tsx(232,1339): error TS4111: Property 'projectLink' comes from an index signature, so it must be accessed with ['projectLink'].
src/routes/_clientarea.cliente.treinamentos.do-mamao-ao-negocio.tsx(232,1499): error TS4111: Property 'projectText' comes from an index signature, so it must be accessed with ['projectText'].
src/routes/_clientarea.cliente.treinamentos.do-mamao-ao-negocio.tsx(232,1814): error TS4111: Property 'submit' comes from an index signature, so it must be accessed with ['submit'].
src/routes/_clientarea.cliente.treinamentos.do-mamao-ao-negocio.tsx(232,1849): error TS2339: Property 'includedReviewsCompleted' does not exist on type '{}'.
src/routes/_clientarea.cliente.treinamentos.do-mamao-ao-negocio.tsx(232,1994): error TS4111: Property 'extra' comes from an index signature, so it must be accessed with ['extra'].
src/routes/_clientarea.cliente.treinamentos.do-mamao-ao-negocio.tsx(232,2047): error TS4111: Property 'extraHelp' comes from an index signature, so it must be accessed with ['extraHelp'].
src/routes/_clientarea.cliente.treinamentos.do-mamao-ao-negocio.tsx(232,2451): error TS4111: Property 'sent' comes from an index signature, so it must be accessed with ['sent'].
src/routes/_clientarea.cliente.treinamentos.do-mamao-ao-negocio.tsx(232,2499): error TS2339: Property 'projectSubmissions' does not exist on type '{}'.
src/routes/_clientarea.cliente.treinamentos.do-mamao-ao-negocio.tsx(232,2531): error TS2339: Property 'projectSubmissions' does not exist on type '{}'.
src/routes/_clientarea.cliente.treinamentos.do-mamao-ao-negocio.tsx(232,2960): error TS4111: Property 'noSent' comes from an index signature, so it must be accessed with ['noSent'].
src/routes/_clientarea.cliente.treinamentos.do-mamao-ao-negocio.tsx(236,131): error TS4111: Property 'meet' comes from an index signature, so it must be accessed with ['meet'].
src/routes/_clientarea.cliente.treinamentos.do-mamao-ao-negocio.tsx(236,185): error TS4111: Property 'meetText' comes from an index signature, so it must be accessed with ['meetText'].
src/routes/_clientarea.cliente.treinamentos.do-mamao-ao-negocio.tsx(236,1485): error TS4111: Property 'join' comes from an index signature, so it must be accessed with ['join'].
src/routes/_clientarea.cliente.treinamentos.do-mamao-ao-negocio.tsx(236,1637): error TS4111: Property 'recording' comes from an index signature, so it must be accessed with ['recording'].
src/routes/_clientarea.cliente.treinamentos.do-mamao-ao-negocio.tsx(236,1718): error TS4111: Property 'noLive' comes from an index signature, so it must be accessed with ['noLive'].
src/routes/_clientarea.cliente.treinamentos.formacao-profissional.$slug.tsx(4,2244): error TS18048: 'mod' is possibly 'undefined'.
src/routes/_clientarea.cliente.treinamentos.formacao-profissional.$slug.tsx(4,2703): error TS18048: 'mod' is possibly 'undefined'.
src/routes/_clientarea.cliente.treinamentos.formacao-profissional.$slug.tsx(4,2802): error TS18048: 'lesson' is possibly 'undefined'.
src/routes/_clientarea.cliente.treinamentos.formacao-profissional.$slug.tsx(4,2849): error TS18048: 'lesson' is possibly 'undefined'.
src/routes/_clientarea.cliente.treinamentos.formacao-profissional.$slug.tsx(4,2919): error TS18048: 'lesson' is possibly 'undefined'.
src/routes/_clientarea.cliente.treinamentos.formacao-profissional.$slug.tsx(4,2966): error TS18048: 'lesson' is possibly 'undefined'.
src/routes/_clientarea.cliente.treinamentos.formacao-profissional.$slug.tsx(4,4997): error TS18048: 'lesson' is possibly 'undefined'.
src/routes/_clientarea.cliente.treinamentos.formacao-profissional.$slug.tsx(4,5114): error TS18048: 'lesson' is possibly 'undefined'.
src/routes/_clientarea.cliente.treinamentos.formacao-profissional.$slug.tsx(4,5182): error TS18048: 'lesson' is possibly 'undefined'.
src/routes/_clientarea.cliente.treinamentos.formacao-profissional.$slug.tsx(4,5259): error TS18048: 'lesson' is possibly 'undefined'.
src/routes/_clientarea.cliente.treinamentos.ia-negocios-carreira.tsx(18,44): error TS2532: Object is possibly 'undefined'.
src/routes/_clientarea.cliente.treinamentos.ia-negocios-carreira.tsx(49,29): error TS18048: 'current' is possibly 'undefined'.
src/routes/_clientarea.cliente.treinamentos.ia-negocios-carreira.tsx(49,69): error TS18048: 'current' is possibly 'undefined'.
src/routes/_clientarea.cliente.treinamentos.ia-negocios-carreira.tsx(53,17): error TS2532: Object is possibly 'undefined'.
src/routes/_clientarea.cliente.treinamentos.ia-negocios-carreira.tsx(57,17): error TS2532: Object is possibly 'undefined'.
src/routes/_clientarea.cliente.treinamentos.ia-negocios-carreira.tsx(69,153): error TS18048: 'current' is possibly 'undefined'.
src/routes/_clientarea.cliente.treinamentos.ia-negocios-carreira.tsx(69,184): error TS18048: 'current' is possibly 'undefined'.
src/routes/_clientarea.cliente.treinamentos.ia-negocios-carreira.tsx(69,245): error TS18048: 'current' is possibly 'undefined'.
src/routes/_clientarea.cliente.treinamentos.ia-negocios-carreira.tsx(69,352): error TS18048: 'current' is possibly 'undefined'.
src/routes/_clientarea.cliente.treinamentos.ia-negocios-carreira.tsx(69,385): error TS18048: 'current' is possibly 'undefined'.
src/routes/_clientarea.cliente.treinamentos.ia-negocios-carreira.tsx(69,428): error TS18048: 'current' is possibly 'undefined'.
src/routes/_clientarea.cliente.treinamentos.ia-negocios-carreira.tsx(69,471): error TS18048: 'current' is possibly 'undefined'.
src/routes/_clientarea.cliente.treinamentos.ia-negocios-carreira.tsx(69,511): error TS18048: 'current' is possibly 'undefined'.
src/routes/_clientarea.cliente.treinamentos.ia-negocios-carreira.tsx(69,559): error TS18048: 'current' is possibly 'undefined'.
src/routes/_clientarea.cliente.treinamentos.ia-negocios-carreira.tsx(69,588): error TS18048: 'current' is possibly 'undefined'.
src/routes/_clientarea.cliente.treinamentos.ia-negocios-carreira.tsx(71,50): error TS18048: 'current' is possibly 'undefined'.
src/routes/_clientarea.cliente.treinamentos.ia-negocios-carreira.tsx(71,242): error TS18048: 'current' is possibly 'undefined'.
src/routes/_clientarea.cliente.treinamentos.lideranca-gestao.tsx(14,652): error TS18048: 'mod' is possibly 'undefined'.
src/routes/_clientarea.cliente.treinamentos.lideranca-gestao.tsx(14,686): error TS18048: 'mod' is possibly 'undefined'.
src/routes/_clientarea.cliente.treinamentos.lideranca-gestao.tsx(14,751): error TS18048: 'mod' is possibly 'undefined'.
src/routes/_clientarea.cliente.treinamentos.lideranca-gestao.tsx(14,767): error TS18048: 'mod' is possibly 'undefined'.
src/routes/_clientarea.cliente.treinamentos.lideranca-gestao.tsx(14,952): error TS18048: 'current' is possibly 'undefined'.
src/routes/_clientarea.cliente.treinamentos.lideranca-gestao.tsx(14,965): error TS18048: 'current' is possibly 'undefined'.
src/routes/_clientarea.cliente.treinamentos.lideranca-gestao.tsx(14,1349): error TS18048: 'm' is possibly 'undefined'.
src/routes/_clientarea.cliente.treinamentos.lideranca-gestao.tsx(14,1380): error TS18048: 'm' is possibly 'undefined'.
src/routes/_clientarea.cliente.treinamentos.lideranca-gestao.tsx(14,1516): error TS18048: 'm' is possibly 'undefined'.
src/routes/_clientarea.cliente.treinamentos.lideranca-gestao.tsx(14,1526): error TS18048: 'l' is possibly 'undefined'.
src/routes/_clientarea.cliente.treinamentos.lideranca-gestao.tsx(14,1837): error TS18048: 'current' is possibly 'undefined'.
src/routes/_clientarea.cliente.treinamentos.lideranca-gestao.tsx(14,1885): error TS18048: 'current' is possibly 'undefined'.
src/routes/_clientarea.cliente.treinamentos.lideranca-gestao.tsx(14,2144): error TS18048: 'current' is possibly 'undefined'.
src/routes/_clientarea.cliente.treinamentos.lideranca-gestao.tsx(14,2192): error TS18048: 'current' is possibly 'undefined'.
src/routes/_clientarea.cliente.treinamentos.lideranca-gestao.tsx(14,2239): error TS18048: 'target' is possibly 'undefined'.
src/routes/_clientarea.cliente.treinamentos.lideranca-gestao.tsx(14,2265): error TS18048: 'target' is possibly 'undefined'.
src/routes/_clientarea.cliente.treinamentos.lideranca-gestao.tsx(14,2412): error TS18048: 'target' is possibly 'undefined'.
src/routes/_clientarea.cliente.treinamentos.lideranca-gestao.tsx(14,2438): error TS18048: 'target' is possibly 'undefined'.
src/routes/_clientarea.cliente.treinamentos.lideranca-gestao.tsx(14,2531): error TS18048: 'mod' is possibly 'undefined'.
src/routes/_clientarea.cliente.treinamentos.lideranca-gestao.tsx(14,2591): error TS18048: 'current' is possibly 'undefined'.
src/routes/_clientarea.cliente.treinamentos.lideranca-gestao.tsx(15,2562): error TS18048: 'mod' is possibly 'undefined'.
src/routes/_clientarea.cliente.treinamentos.lideranca-gestao.tsx(15,3012): error TS18048: 'current' is possibly 'undefined'.
src/routes/_clientarea.cliente.treinamentos.lideranca-gestao.tsx(15,3089): error TS18048: 'current' is possibly 'undefined'.
src/routes/_clientarea.cliente.treinamentos.lideranca-gestao.tsx(15,3179): error TS18048: 'current' is possibly 'undefined'.
src/routes/_clientarea.cliente.treinamentos.lideranca-gestao.tsx(15,3944): error TS18048: 'mod' is possibly 'undefined'.
src/routes/_clientarea.cliente.treinamentos.lideranca-gestao.tsx(15,4188): error TS18048: 'mod' is possibly 'undefined'.
src/routes/_clientarea.cliente.treinamentos.massoterapia.tsx(12,635): error TS18048: 'mod' is possibly 'undefined'.
src/routes/_clientarea.cliente.treinamentos.massoterapia.tsx(12,669): error TS18048: 'mod' is possibly 'undefined'.
src/routes/_clientarea.cliente.treinamentos.massoterapia.tsx(12,990): error TS18048: 'mod' is possibly 'undefined'.
src/routes/_clientarea.cliente.treinamentos.massoterapia.tsx(12,1006): error TS18048: 'mod' is possibly 'undefined'.
src/routes/_clientarea.cliente.treinamentos.massoterapia.tsx(12,1364): error TS18048: 'm' is possibly 'undefined'.
src/routes/_clientarea.cliente.treinamentos.massoterapia.tsx(12,1395): error TS18048: 'm' is possibly 'undefined'.
src/routes/_clientarea.cliente.treinamentos.massoterapia.tsx(12,1547): error TS2345: Argument of type 'MassotherapyModule | undefined' is not assignable to parameter of type 'MassotherapyModule'.
  Type 'undefined' is not assignable to type 'MassotherapyModule'.
src/routes/_clientarea.cliente.treinamentos.massoterapia.tsx(12,1557): error TS18048: 'l' is possibly 'undefined'.
src/routes/_clientarea.cliente.treinamentos.massoterapia.tsx(12,1665): error TS18048: 'lesson' is possibly 'undefined'.
src/routes/_clientarea.cliente.treinamentos.massoterapia.tsx(12,1712): error TS18048: 'lesson' is possibly 'undefined'.
src/routes/_clientarea.cliente.treinamentos.massoterapia.tsx(12,1782): error TS18048: 'lesson' is possibly 'undefined'.
src/routes/_clientarea.cliente.treinamentos.massoterapia.tsx(12,1829): error TS18048: 'lesson' is possibly 'undefined'.
src/routes/_clientarea.cliente.treinamentos.massoterapia.tsx(12,1856): error TS18048: 'mod' is possibly 'undefined'.
src/routes/_clientarea.cliente.treinamentos.massoterapia.tsx(12,2241): error TS18048: 'p' is possibly 'undefined'.
src/routes/_clientarea.cliente.treinamentos.massoterapia.tsx(12,2335): error TS18048: 'mod' is possibly 'undefined'.
src/routes/_clientarea.cliente.treinamentos.massoterapia.tsx(12,6873): error TS18048: 'lesson' is possibly 'undefined'.
src/routes/_clientarea.cliente.treinamentos.massoterapia.tsx(12,7150): error TS18048: 'lesson' is possibly 'undefined'.
src/routes/_clientarea.cliente.treinamentos.massoterapia.tsx(12,7226): error TS18048: 'lesson' is possibly 'undefined'.
src/routes/_clientarea.cliente.treinamentos.massoterapia.tsx(12,7315): error TS18048: 'lesson' is possibly 'undefined'.
src/routes/_clientarea.cliente.treinamentos.massoterapia.tsx(12,8351): error TS18048: 'mod' is possibly 'undefined'.
src/routes/_clientarea.cliente.treinamentos.mentoria-carreira.tsx(23,107): error TS18048: 'mod' is possibly 'undefined'.
src/routes/_clientarea.cliente.treinamentos.mentoria-carreira.tsx(23,141): error TS18048: 'mod' is possibly 'undefined'.
src/routes/_clientarea.cliente.treinamentos.mentoria-carreira.tsx(24,44): error TS18048: 'mod' is possibly 'undefined'.
src/routes/_clientarea.cliente.treinamentos.mentoria-carreira.tsx(24,60): error TS18048: 'mod' is possibly 'undefined'.
src/routes/_clientarea.cliente.treinamentos.mentoria-carreira.tsx(29,276): error TS18048: 'm' is possibly 'undefined'.
src/routes/_clientarea.cliente.treinamentos.mentoria-carreira.tsx(29,307): error TS18048: 'm' is possibly 'undefined'.
src/routes/_clientarea.cliente.treinamentos.mentoria-carreira.tsx(29,449): error TS18048: 'm' is possibly 'undefined'.
src/routes/_clientarea.cliente.treinamentos.mentoria-carreira.tsx(29,459): error TS18048: 'l' is possibly 'undefined'.
src/routes/_clientarea.cliente.treinamentos.mentoria-carreira.tsx(30,63): error TS18048: 'current' is possibly 'undefined'.
src/routes/_clientarea.cliente.treinamentos.mentoria-carreira.tsx(30,111): error TS18048: 'current' is possibly 'undefined'.
src/routes/_clientarea.cliente.treinamentos.mentoria-carreira.tsx(31,80): error TS18048: 'current' is possibly 'undefined'.
src/routes/_clientarea.cliente.treinamentos.mentoria-carreira.tsx(31,128): error TS18048: 'current' is possibly 'undefined'.
src/routes/_clientarea.cliente.treinamentos.mentoria-carreira.tsx(31,156): error TS18048: 'mod' is possibly 'undefined'.
src/routes/_clientarea.cliente.treinamentos.mentoria-carreira.tsx(32,206): error TS18048: 'prev' is possibly 'undefined'.
src/routes/_clientarea.cliente.treinamentos.mentoria-carreira.tsx(33,72): error TS18048: 'mod' is possibly 'undefined'.
src/routes/_clientarea.cliente.treinamentos.mentoria-carreira.tsx(34,42): error TS18048: 'current' is possibly 'undefined'.
src/routes/_clientarea.cliente.treinamentos.mentoria-carreira.tsx(43,273): error TS18048: 'mod' is possibly 'undefined'.
src/routes/_clientarea.cliente.treinamentos.mentoria-carreira.tsx(43,429): error TS18048: 'mod' is possibly 'undefined'.
src/routes/_clientarea.cliente.treinamentos.mentoria-carreira.tsx(43,575): error TS18048: 'current' is possibly 'undefined'.
src/routes/_clientarea.cliente.treinamentos.mentoria-carreira.tsx(43,900): error TS18048: 'current' is possibly 'undefined'.
src/routes/_clientarea.cliente.treinamentos.mentoria-carreira.tsx(43,977): error TS18048: 'current' is possibly 'undefined'.
src/routes/_clientarea.cliente.treinamentos.mentoria-carreira.tsx(43,1067): error TS18048: 'current' is possibly 'undefined'.
src/routes/_clientarea.cliente.treinamentos.mentoria-carreira.tsx(44,21): error TS18048: 'mod' is possibly 'undefined'.
src/routes/_clientarea.cliente.treinamentos.mentoria-carreira.tsx(44,265): error TS18048: 'mod' is possibly 'undefined'.
src/routes/_clientarea.cliente.treinamentos.negocio-24-horas.tsx(23,37): error TS2339: Property 'completedLessons' does not exist on type '{}'.
src/routes/_clientarea.cliente.treinamentos.negocio-24-horas.tsx(30,72): error TS2339: Property 'state' does not exist on type '{}'.
src/routes/_clientarea.cliente.treinamentos.negocio-24-horas.tsx(48,28): error TS18048: 'current' is possibly 'undefined'.
src/routes/_clientarea.cliente.treinamentos.negocio-24-horas.tsx(49,32): error TS18048: 'current' is possibly 'undefined'.
src/routes/_clientarea.cliente.treinamentos.negocio-24-horas.tsx(53,17): error TS2532: Object is possibly 'undefined'.
src/routes/_clientarea.cliente.treinamentos.negocio-24-horas.tsx(57,17): error TS2532: Object is possibly 'undefined'.
src/routes/_clientarea.cliente.treinamentos.negocio-24-horas.tsx(66,153): error TS18048: 'current' is possibly 'undefined'.
src/routes/_clientarea.cliente.treinamentos.negocio-24-horas.tsx(66,184): error TS18048: 'current' is possibly 'undefined'.
src/routes/_clientarea.cliente.treinamentos.negocio-24-horas.tsx(66,245): error TS18048: 'current' is possibly 'undefined'.
src/routes/_clientarea.cliente.treinamentos.negocio-24-horas.tsx(66,401): error TS18048: 'current' is possibly 'undefined'.
src/routes/_clientarea.cliente.treinamentos.negocio-24-horas.tsx(66,495): error TS18048: 'current' is possibly 'undefined'.
src/routes/_clientarea.cliente.treinamentos.negocio-24-horas.tsx(66,597): error TS18048: 'current' is possibly 'undefined'.
src/routes/_clientarea.cliente.treinamentos.negocio-24-horas.tsx(66,715): error TS18048: 'current' is possibly 'undefined'.
src/routes/_clientarea.cliente.treinamentos.negocio-24-horas.tsx(66,814): error TS18048: 'current' is possibly 'undefined'.
src/routes/_clientarea.cliente.treinamentos.negocio-24-horas.tsx(66,901): error TS18048: 'current' is possibly 'undefined'.
src/routes/_clientarea.cliente.treinamentos.negocio-24-horas.tsx(66,988): error TS18048: 'current' is possibly 'undefined'.
src/routes/_clientarea.cliente.treinamentos.negocio-24-horas.tsx(68,50): error TS18048: 'current' is possibly 'undefined'.
src/routes/_clientarea.cliente.treinamentos.negocio-24-horas.tsx(68,242): error TS18048: 'current' is possibly 'undefined'.
src/routes/_clientarea.cliente.treinamentos.negocio-24-horas.tsx(72,628): error TS2339: Property 'projectEligible' does not exist on type '{}'.
src/routes/_clientarea.cliente.treinamentos.negocio-24-horas.tsx(72,1765): error TS2339: Property 'projectSubmissions' does not exist on type '{}'.
src/routes/_clientarea.cliente.treinamentos.negocio-24-horas.tsx(72,1806): error TS2339: Property 'projectSubmissions' does not exist on type '{}'.
src/routes/_clientarea.cliente.treinamentos.psicanalise-internacional.tsx(12,680): error TS18048: 'mod' is possibly 'undefined'.
src/routes/_clientarea.cliente.treinamentos.psicanalise-internacional.tsx(12,714): error TS18048: 'mod' is possibly 'undefined'.
src/routes/_clientarea.cliente.treinamentos.psicanalise-internacional.tsx(12,779): error TS18048: 'mod' is possibly 'undefined'.
src/routes/_clientarea.cliente.treinamentos.psicanalise-internacional.tsx(12,795): error TS18048: 'mod' is possibly 'undefined'.
src/routes/_clientarea.cliente.treinamentos.psicanalise-internacional.tsx(12,1225): error TS18048: 'm' is possibly 'undefined'.
src/routes/_clientarea.cliente.treinamentos.psicanalise-internacional.tsx(12,1256): error TS18048: 'm' is possibly 'undefined'.
src/routes/_clientarea.cliente.treinamentos.psicanalise-internacional.tsx(12,1426): error TS18048: 'l' is possibly 'undefined'.
src/routes/_clientarea.cliente.treinamentos.psicanalise-internacional.tsx(12,1497): error TS18048: 'lesson' is possibly 'undefined'.
src/routes/_clientarea.cliente.treinamentos.psicanalise-internacional.tsx(12,1592): error TS18048: 'lesson' is possibly 'undefined'.
src/routes/_clientarea.cliente.treinamentos.psicanalise-internacional.tsx(12,1670): error TS18048: 'lesson' is possibly 'undefined'.
src/routes/_clientarea.cliente.treinamentos.psicanalise-internacional.tsx(12,1697): error TS18048: 'mod' is possibly 'undefined'.
src/routes/_clientarea.cliente.treinamentos.psicanalise-internacional.tsx(12,2112): error TS18048: 'p' is possibly 'undefined'.
src/routes/_clientarea.cliente.treinamentos.psicanalise-internacional.tsx(12,2206): error TS18048: 'mod' is possibly 'undefined'.
src/routes/_clientarea.cliente.treinamentos.psicanalise-internacional.tsx(12,5710): error TS18048: 'mod' is possibly 'undefined'.
src/routes/_clientarea.cliente.treinamentos.psicanalise-internacional.tsx(12,6008): error TS18048: 'lesson' is possibly 'undefined'.
src/routes/_clientarea.cliente.treinamentos.psicanalise-internacional.tsx(12,6084): error TS18048: 'lesson' is possibly 'undefined'.
src/routes/_clientarea.cliente.treinamentos.psicanalise-internacional.tsx(12,6173): error TS18048: 'lesson' is possibly 'undefined'.
src/routes/_clientarea.cliente.treinamentos.psicanalise-internacional.tsx(12,6912): error TS18048: 'mod' is possibly 'undefined'.
src/routes/_clientarea.cliente.treinamentos.psicanalise-internacional.tsx(12,7152): error TS18048: 'mod' is possibly 'undefined'.
src/routes/_clientarea.cliente.treinamentos.psicanalise.tsx(26,102): error TS18048: 'mod' is possibly 'undefined'.
src/routes/_clientarea.cliente.treinamentos.psicanalise.tsx(26,136): error TS18048: 'mod' is possibly 'undefined'.
src/routes/_clientarea.cliente.treinamentos.psicanalise.tsx(30,44): error TS18048: 'mod' is possibly 'undefined'.
src/routes/_clientarea.cliente.treinamentos.psicanalise.tsx(30,60): error TS18048: 'mod' is possibly 'undefined'.
src/routes/_clientarea.cliente.treinamentos.psicanalise.tsx(32,276): error TS18048: 'm' is possibly 'undefined'.
src/routes/_clientarea.cliente.treinamentos.psicanalise.tsx(32,307): error TS18048: 'm' is possibly 'undefined'.
src/routes/_clientarea.cliente.treinamentos.psicanalise.tsx(32,460): error TS2345: Argument of type 'PsychoanalysisModule | undefined' is not assignable to parameter of type 'PsychoanalysisModule'.
  Type 'undefined' is not assignable to type 'PsychoanalysisModule'.
src/routes/_clientarea.cliente.treinamentos.psicanalise.tsx(32,470): error TS18048: 'l' is possibly 'undefined'.
src/routes/_clientarea.cliente.treinamentos.psicanalise.tsx(33,63): error TS18048: 'lesson' is possibly 'undefined'.
src/routes/_clientarea.cliente.treinamentos.psicanalise.tsx(33,110): error TS18048: 'lesson' is possibly 'undefined'.
src/routes/_clientarea.cliente.treinamentos.psicanalise.tsx(34,45): error TS18048: 'mod' is possibly 'undefined'.
src/routes/_clientarea.cliente.treinamentos.psicanalise.tsx(34,120): error TS18048: 'lesson' is possibly 'undefined'.
src/routes/_clientarea.cliente.treinamentos.psicanalise.tsx(34,167): error TS18048: 'lesson' is possibly 'undefined'.
src/routes/_clientarea.cliente.treinamentos.psicanalise.tsx(34,310): error TS18048: 'lesson' is possibly 'undefined'.
src/routes/_clientarea.cliente.treinamentos.psicanalise.tsx(34,357): error TS18048: 'lesson' is possibly 'undefined'.
src/routes/_clientarea.cliente.treinamentos.psicanalise.tsx(35,204): error TS18048: 'prev' is possibly 'undefined'.
src/routes/_clientarea.cliente.treinamentos.psicanalise.tsx(36,72): error TS18048: 'mod' is possibly 'undefined'.
src/routes/_clientarea.cliente.treinamentos.psicanalise.tsx(37,42): error TS18048: 'lesson' is possibly 'undefined'.
src/routes/_clientarea.cliente.treinamentos.psicanalise.tsx(47,437): error TS18048: 'mod' is possibly 'undefined'.
src/routes/_clientarea.cliente.treinamentos.psicanalise.tsx(47,914): error TS18048: 'lesson' is possibly 'undefined'.
src/routes/_clientarea.cliente.treinamentos.psicanalise.tsx(47,990): error TS18048: 'lesson' is possibly 'undefined'.
src/routes/_clientarea.cliente.treinamentos.psicanalise.tsx(47,1079): error TS18048: 'lesson' is possibly 'undefined'.
src/routes/_clientarea.cliente.treinamentos.psicanalise.tsx(48,60): error TS2322: Type 'PsychoanalysisModule | undefined' is not assignable to type 'ModuleLike'.
  Type 'undefined' is not assignable to type 'ModuleLike'.
src/routes/_clientarea.cliente.treinamentos.psicanalise.tsx(49,21): error TS18048: 'mod' is possibly 'undefined'.
src/routes/_clientarea.cliente.treinamentos.psicanalise.tsx(49,324): error TS18048: 'mod' is possibly 'undefined'.
src/routes/_clientarea.cliente.treinamentos.psicanalise.tsx(49,962): error TS18048: 'mod' is possibly 'undefined'.
src/routes/_clientarea.cliente.treinamentos.terapia-breve-psicanalitica.tsx(19,92): error TS18048: 'mod' is possibly 'undefined'.
src/routes/_clientarea.cliente.treinamentos.terapia-breve-psicanalitica.tsx(19,126): error TS18048: 'mod' is possibly 'undefined'.
src/routes/_clientarea.cliente.treinamentos.terapia-breve-psicanalitica.tsx(21,44): error TS18048: 'mod' is possibly 'undefined'.
src/routes/_clientarea.cliente.treinamentos.terapia-breve-psicanalitica.tsx(21,60): error TS18048: 'mod' is possibly 'undefined'.
src/routes/_clientarea.cliente.treinamentos.terapia-breve-psicanalitica.tsx(22,265): error TS18048: 'm' is possibly 'undefined'.
src/routes/_clientarea.cliente.treinamentos.terapia-breve-psicanalitica.tsx(22,296): error TS18048: 'm' is possibly 'undefined'.
src/routes/_clientarea.cliente.treinamentos.terapia-breve-psicanalitica.tsx(22,463): error TS2345: Argument of type 'BriefTherapyModule | undefined' is not assignable to parameter of type 'BriefTherapyModule'.
  Type 'undefined' is not assignable to type 'BriefTherapyModule'.
src/routes/_clientarea.cliente.treinamentos.terapia-breve-psicanalitica.tsx(22,473): error TS18048: 'l' is possibly 'undefined'.
src/routes/_clientarea.cliente.treinamentos.terapia-breve-psicanalitica.tsx(23,63): error TS18048: 'lesson' is possibly 'undefined'.
src/routes/_clientarea.cliente.treinamentos.terapia-breve-psicanalitica.tsx(23,110): error TS18048: 'lesson' is possibly 'undefined'.
src/routes/_clientarea.cliente.treinamentos.terapia-breve-psicanalitica.tsx(23,211): error TS18048: 'lesson' is possibly 'undefined'.
src/routes/_clientarea.cliente.treinamentos.terapia-breve-psicanalitica.tsx(23,258): error TS18048: 'lesson' is possibly 'undefined'.
src/routes/_clientarea.cliente.treinamentos.terapia-breve-psicanalitica.tsx(23,285): error TS18048: 'mod' is possibly 'undefined'.
src/routes/_clientarea.cliente.treinamentos.terapia-breve-psicanalitica.tsx(23,674): error TS18048: 'prev' is possibly 'undefined'.
src/routes/_clientarea.cliente.treinamentos.terapia-breve-psicanalitica.tsx(23,772): error TS18048: 'mod' is possibly 'undefined'.
src/routes/_clientarea.cliente.treinamentos.terapia-breve-psicanalitica.tsx(23,833): error TS18048: 'lesson' is possibly 'undefined'.
src/routes/_clientarea.cliente.treinamentos.terapia-breve-psicanalitica.tsx(30,436): error TS18048: 'mod' is possibly 'undefined'.
src/routes/_clientarea.cliente.treinamentos.terapia-breve-psicanalitica.tsx(30,738): error TS18048: 'lesson' is possibly 'undefined'.
src/routes/_clientarea.cliente.treinamentos.terapia-breve-psicanalitica.tsx(30,814): error TS18048: 'lesson' is possibly 'undefined'.
src/routes/_clientarea.cliente.treinamentos.terapia-breve-psicanalitica.tsx(30,903): error TS18048: 'lesson' is possibly 'undefined'.
src/routes/_clientarea.cliente.treinamentos.terapia-breve-psicanalitica.tsx(31,18): error TS18048: 'mod' is possibly 'undefined'.
src/routes/_clientarea.cliente.treinamentos.terapia-breve-psicanalitica.tsx(31,284): error TS18048: 'mod' is possibly 'undefined'.
src/routes/_clientarea.cliente.treinamentos.terapia-breve-psicanalitica.tsx(31,748): error TS18048: 'mod' is possibly 'undefined'.
src/routes/_clientarea.cliente.treinamentos.tricologia-terapia-capilar.tsx(12,1590): error TS18048: 'module' is possibly 'undefined'.
src/routes/_clientarea.cliente.treinamentos.tricologia-terapia-capilar.tsx(12,1627): error TS18048: 'module' is possibly 'undefined'.
src/routes/_clientarea.cliente.treinamentos.tricologia-terapia-capilar.tsx(12,1864): error TS18048: 'lesson' is possibly 'undefined'.
src/routes/_clientarea.cliente.treinamentos.tricologia-terapia-capilar.tsx(12,1925): error TS18048: 'lesson' is possibly 'undefined'.
src/routes/_clientarea.cliente.treinamentos.tricologia-terapia-capilar.tsx(12,2049): error TS18048: 'lesson' is possibly 'undefined'.
src/routes/_clientarea.cliente.treinamentos.tricologia-terapia-capilar.tsx(12,2110): error TS18048: 'lesson' is possibly 'undefined'.
src/routes/_clientarea.cliente.treinamentos.tricologia-terapia-capilar.tsx(12,2137): error TS18048: 'module' is possibly 'undefined'.
src/routes/_clientarea.cliente.treinamentos.tricologia-terapia-capilar.tsx(12,2535): error TS2532: Object is possibly 'undefined'.
src/routes/_clientarea.cliente.treinamentos.tricologia-terapia-capilar.tsx(12,6001): error TS18048: 'module' is possibly 'undefined'.
src/routes/_clientarea.cliente.treinamentos.tricologia-terapia-capilar.tsx(12,6037): error TS18048: 'module' is possibly 'undefined'.
src/routes/_clientarea.cliente.treinamentos.tricologia-terapia-capilar.tsx(12,6107): error TS18048: 'lesson' is possibly 'undefined'.
src/routes/_clientarea.cliente.treinamentos.tricologia-terapia-capilar.tsx(12,6175): error TS18048: 'lesson' is possibly 'undefined'.
src/routes/_clientarea.cliente.treinamentos.tricologia-terapia-capilar.tsx(12,6252): error TS18048: 'lesson' is possibly 'undefined'.
src/routes/_clientarea.cliente.treinamentos.tricologia-terapia-capilar.tsx(12,6388): error TS18048: 'module' is possibly 'undefined'.
src/routes/_clientarea.tsx(108,50): error TS2322: Type '"formacao-psicanalise" | "formacao-terapia-breve-psicanalitica" | "formacao-completa-massoterapia" | "formacao-mentoria-profissional-carreira" | "formacao-lideranca-gestao-pessoas" | "psicanalise-internacional-neurodiversidade-autismo" | "formacao-gratuita-gestao-pessoas-rh"' is not assignable to type 'LegacyProjectSlug'.
  Type '"psicanalise-internacional-neurodiversidade-autismo"' is not assignable to type 'LegacyProjectSlug'.
src/routes/_portal.empresa.tsx(30,61): error TS2769: No overload matches this call.
  The last overload gave the following error.
    Argument of type 'string | undefined' is not assignable to parameter of type '(substring: string, ...args: any[]) => string'.
      Type 'undefined' is not assignable to type '(substring: string, ...args: any[]) => string'.
src/routes/_portal.empresa.tsx(41,68): error TS4111: Property 'portal_active' comes from an index signature, so it must be accessed with ['portal_active'].
src/routes/_portal.empresa.tsx(41,136): error TS4111: Property 'catalog_key' comes from an index signature, so it must be accessed with ['catalog_key'].
src/routes/_portal.empresa.tsx(41,473): error TS4111: Property 'status' comes from an index signature, so it must be accessed with ['status'].
src/routes/_portal.empresa.tsx(41,562): error TS4111: Property 'status' comes from an index signature, so it must be accessed with ['status'].
src/routes/_portal.empresa.tsx(42,48): error TS4111: Property 'catalog_key' comes from an index signature, so it must be accessed with ['catalog_key'].
src/routes/_portal.empresa.tsx(42,74): error TS4111: Property 'name' comes from an index signature, so it must be accessed with ['name'].
src/routes/_portal.empresa.tsx(42,82): error TS4111: Property 'catalog_key' comes from an index signature, so it must be accessed with ['catalog_key'].
src/routes/_portal.empresa.tsx(43,65): error TS4111: Property 'scheduled_at' comes from an index signature, so it must be accessed with ['scheduled_at'].
src/routes/_portal.empresa.tsx(43,116): error TS4111: Property 'scheduled_at' comes from an index signature, so it must be accessed with ['scheduled_at'].
src/routes/_portal.empresa.tsx(43,151): error TS4111: Property 'scheduled_at' comes from an index signature, so it must be accessed with ['scheduled_at'].
src/routes/_portal.empresa.tsx(49,659): error TS4111: Property 'id' comes from an index signature, so it must be accessed with ['id'].
src/routes/_portal.empresa.tsx(50,560): error TS4111: Property 'catalog_key' comes from an index signature, so it must be accessed with ['catalog_key'].
src/routes/_portal.empresa.tsx(50,582): error TS4111: Property 'catalog_key' comes from an index signature, so it must be accessed with ['catalog_key'].
src/routes/_portal.empresa.tsx(50,630): error TS4111: Property 'amount_cents' comes from an index signature, so it must be accessed with ['amount_cents'].
src/routes/_portal.empresa.tsx(50,646): error TS4111: Property 'currency' comes from an index signature, so it must be accessed with ['currency'].
src/routes/_portal.empresa.tsx(50,1466): error TS4111: Property 'id' comes from an index signature, so it must be accessed with ['id'].
src/routes/_portal.empresa.tsx(50,1804): error TS4111: Property 'id' comes from an index signature, so it must be accessed with ['id'].
src/routes/_portal.empresa.tsx(50,1951): error TS4111: Property 'id' comes from an index signature, so it must be accessed with ['id'].
src/routes/_portal.empresa.tsx(50,2016): error TS4111: Property 'id' comes from an index signature, so it must be accessed with ['id'].
src/routes/_portal.empresa.tsx(50,2040): error TS4111: Property 'id' comes from an index signature, so it must be accessed with ['id'].
src/routes/_portal.empresa.tsx(50,2122): error TS4111: Property 'full_name' comes from an index signature, so it must be accessed with ['full_name'].
src/routes/_portal.empresa.tsx(50,2206): error TS4111: Property 'email' comes from an index signature, so it must be accessed with ['email'].
src/routes/_portal.empresa.tsx(51,424): error TS4111: Property 'id' comes from an index signature, so it must be accessed with ['id'].
src/routes/_portal.empresa.tsx(51,431): error TS4111: Property 'member_id' comes from an index signature, so it must be accessed with ['member_id'].
src/routes/_portal.empresa.tsx(51,487): error TS4111: Property 'catalog_key' comes from an index signature, so it must be accessed with ['catalog_key'].
src/routes/_portal.empresa.tsx(51,503): error TS4111: Property 'catalog_key' comes from an index signature, so it must be accessed with ['catalog_key'].
src/routes/_portal.empresa.tsx(51,535): error TS4111: Property 'id' comes from an index signature, so it must be accessed with ['id'].
src/routes/_portal.empresa.tsx(51,610): error TS4111: Property 'full_name' comes from an index signature, so it must be accessed with ['full_name'].
src/routes/_portal.empresa.tsx(51,710): error TS4111: Property 'catalog_key' comes from an index signature, so it must be accessed with ['catalog_key'].
src/routes/_portal.empresa.tsx(51,780): error TS4111: Property 'scheduled_at' comes from an index signature, so it must be accessed with ['scheduled_at'].
src/routes/_portal.empresa.tsx(51,830): error TS4111: Property 'scheduled_note' comes from an index signature, so it must be accessed with ['scheduled_note'].
src/routes/_portal.empresa.tsx(51,899): error TS4111: Property 'scheduled_note' comes from an index signature, so it must be accessed with ['scheduled_note'].
src/routes/_portal.empresa.tsx(52,428): error TS4111: Property 'catalog_key' comes from an index signature, so it must be accessed with ['catalog_key'].
src/routes/_portal.empresa.tsx(52,444): error TS4111: Property 'catalog_key' comes from an index signature, so it must be accessed with ['catalog_key'].
src/routes/_portal.empresa.tsx(52,476): error TS4111: Property 'id' comes from an index signature, so it must be accessed with ['id'].
src/routes/_portal.empresa.tsx(52,575): error TS4111: Property 'catalog_key' comes from an index signature, so it must be accessed with ['catalog_key'].
src/routes/_portal.empresa.tsx(52,644): error TS4111: Property 'quantity' comes from an index signature, so it must be accessed with ['quantity'].
src/routes/_portal.empresa.tsx(52,690): error TS4111: Property 'created_at' comes from an index signature, so it must be accessed with ['created_at'].
src/routes/_portal.empresa.tsx(52,843): error TS4111: Property 'status' comes from an index signature, so it must be accessed with ['status'].
src/routes/_portal.empresa.tsx(58,280): error TS4111: Property 'phone' comes from an index signature, so it must be accessed with ['phone'].
src/routes/_portal.empresa.tsx(58,302): error TS4111: Property 'birth_date' comes from an index signature, so it must be accessed with ['birth_date'].
src/routes/_portal.empresa.tsx(58,333): error TS4111: Property 'vacation_start' comes from an index signature, so it must be accessed with ['vacation_start'].
src/routes/_portal.empresa.tsx(58,366): error TS4111: Property 'vacation_end' comes from an index signature, so it must be accessed with ['vacation_end'].
src/routes/_portal.empresa.tsx(58,396): error TS4111: Property 'next_day_off' comes from an index signature, so it must be accessed with ['next_day_off'].
src/routes/_portal.empresa.tsx(58,589): error TS4111: Property 'full_name' comes from an index signature, so it must be accessed with ['full_name'].
src/routes/_portal.empresa.tsx(58,661): error TS4111: Property 'email' comes from an index signature, so it must be accessed with ['email'].
src/routes/_portal.empresa.tsx(58,670): error TS4111: Property 'department' comes from an index signature, so it must be accessed with ['department'].
src/routes/_portal.empresa.tsx(58,689): error TS4111: Property 'department' comes from an index signature, so it must be accessed with ['department'].
src/routes/_portal.empresa.tsx(58,1016): error TS4111: Property 'id' comes from an index signature, so it must be accessed with ['id'].
src/routes/_portal.empresa.tsx(58,1029): error TS4111: Property 'portal_active' comes from an index signature, so it must be accessed with ['portal_active'].
src/routes/_portal.empresa.tsx(58,1207): error TS4111: Property 'portal_active' comes from an index signature, so it must be accessed with ['portal_active'].
src/routes/_portal.empresa.tsx(58,1294): error TS4111: Property 'portal_active' comes from an index signature, so it must be accessed with ['portal_active'].
src/routes/_portal.empresa.tsx(58,1526): error TS4111: Property 'id' comes from an index signature, so it must be accessed with ['id'].
src/routes/_portal.funcionario.tsx(34,49): error TS4111: Property 'catalog_key' comes from an index signature, so it must be accessed with ['catalog_key'].
src/routes/_portal.funcionario.tsx(34,75): error TS4111: Property 'service' comes from an index signature, so it must be accessed with ['service'].
src/routes/_portal.funcionario.tsx(36,61): error TS4111: Property 'scheduled_at' comes from an index signature, so it must be accessed with ['scheduled_at'].
src/routes/_portal.funcionario.tsx(36,112): error TS4111: Property 'scheduled_at' comes from an index signature, so it must be accessed with ['scheduled_at'].
src/routes/_portal.funcionario.tsx(36,147): error TS4111: Property 'scheduled_at' comes from an index signature, so it must be accessed with ['scheduled_at'].
src/routes/_portal.funcionario.tsx(44,624): error TS4111: Property 'catalog_key' comes from an index signature, so it must be accessed with ['catalog_key'].
src/routes/_portal.funcionario.tsx(44,674): error TS4111: Property 'catalog_key' comes from an index signature, so it must be accessed with ['catalog_key'].
src/routes/_portal.funcionario.tsx(44,784): error TS4111: Property 'credits_granted' comes from an index signature, so it must be accessed with ['credits_granted'].
src/routes/_portal.funcionario.tsx(44,810): error TS4111: Property 'credits_used' comes from an index signature, so it must be accessed with ['credits_used'].
src/routes/_portal.funcionario.tsx(44,844): error TS4111: Property 'status' comes from an index signature, so it must be accessed with ['status'].
src/routes/_portal.funcionario.tsx(44,879): error TS4111: Property 'status' comes from an index signature, so it must be accessed with ['status'].
src/routes/_portal.funcionario.tsx(44,916): error TS4111: Property 'status' comes from an index signature, so it must be accessed with ['status'].
src/routes/_portal.funcionario.tsx(44,954): error TS4111: Property 'status' comes from an index signature, so it must be accessed with ['status'].
src/routes/_portal.funcionario.tsx(44,982): error TS4111: Property 'status' comes from an index signature, so it must be accessed with ['status'].
src/routes/_portal.funcionario.tsx(44,1012): error TS4111: Property 'id' comes from an index signature, so it must be accessed with ['id'].
src/routes/_portal.funcionario.tsx(44,1467): error TS4111: Property 'credits_granted' comes from an index signature, so it must be accessed with ['credits_granted'].
src/routes/_portal.funcionario.tsx(44,1511): error TS4111: Property 'scheduled_at' comes from an index signature, so it must be accessed with ['scheduled_at'].
src/routes/_portal.funcionario.tsx(44,1619): error TS4111: Property 'scheduled_at' comes from an index signature, so it must be accessed with ['scheduled_at'].
src/routes/_portal.funcionario.tsx(44,1733): error TS4111: Property 'id' comes from an index signature, so it must be accessed with ['id'].
src/routes/_portal.funcionario.tsx(44,1768): error TS4111: Property 'id' comes from an index signature, so it must be accessed with ['id'].
src/routes/_portal.funcionario.tsx(44,1816): error TS4111: Property 'id' comes from an index signature, so it must be accessed with ['id'].
src/routes/_portal.funcionario.tsx(44,2067): error TS4111: Property 'id' comes from an index signature, so it must be accessed with ['id'].
src/routes/_portal.funcionario.tsx(44,2155): error TS4111: Property 'status' comes from an index signature, so it must be accessed with ['status'].
src/routes/_portal.funcionario.tsx(45,361): error TS4111: Property 'id' comes from an index signature, so it must be accessed with ['id'].
src/routes/_portal.funcionario.tsx(45,514): error TS4111: Property 'scheduled_at' comes from an index signature, so it must be accessed with ['scheduled_at'].
src/routes/_portal.funcionario.tsx(45,564): error TS4111: Property 'scheduled_note' comes from an index signature, so it must be accessed with ['scheduled_note'].
src/routes/_portal.funcionario.tsx(45,633): error TS4111: Property 'scheduled_note' comes from an index signature, so it must be accessed with ['scheduled_note'].
src/routes/api/hotmart/webhook.ts(61,34): error TS4111: Property 'HOTMART_PSYCHOANALYSIS_PRODUCT_ID' comes from an index signature, so it must be accessed with ['HOTMART_PSYCHOANALYSIS_PRODUCT_ID'].
src/routes/api/stripe/webhook.ts(192,101): error TS4111: Property 'stripe_checkout_session_id' comes from an index signature, so it must be accessed with ['stripe_checkout_session_id'].
src/routes/api/stripe/webhook.ts(193,29): error TS4111: Property 'stripe_subscription_id' comes from an index signature, so it must be accessed with ['stripe_subscription_id'].
src/routes/api/stripe/webhook.ts(195,25): error TS4111: Property 'stripe_customer_id' comes from an index signature, so it must be accessed with ['stripe_customer_id'].
src/routes/api/stripe/webhook.ts(198,26): error TS4111: Property 'current_period_start' comes from an index signature, so it must be accessed with ['current_period_start'].
src/routes/api/stripe/webhook.ts(199,24): error TS4111: Property 'current_period_end' comes from an index signature, so it must be accessed with ['current_period_end'].
src/routes/api/stripe/webhook.ts(200,63): error TS4111: Property 'cancel_at_period_end' comes from an index signature, so it must be accessed with ['cancel_at_period_end'].
src/routes/cliente.login.tsx(14,76): error TS2375: Type '{ portal: "services" | undefined; v: string | undefined; }' is not assignable to type 'ClientLoginSearch' with 'exactOptionalPropertyTypes: true'. Consider adding 'undefined' to the types of the target's properties.
  Types of property 'portal' are incompatible.
    Type '"services" | undefined' is not assignable to type '"services"'.
      Type 'undefined' is not assignable to type '"services"'.
src/routes/cliente.login.tsx(15,20): error TS4111: Property 'portal' comes from an index signature, so it must be accessed with ['portal'].
src/routes/cliente.login.tsx(16,22): error TS4111: Property 'v' comes from an index signature, so it must be accessed with ['v'].
src/routes/cliente.login.tsx(16,46): error TS4111: Property 'v' comes from an index signature, so it must be accessed with ['v'].
src/routes/mensagens-profissionais.tsx(9,132): error TS4111: Property 'profissional' comes from an index signature, so it must be accessed with ['profissional'].
src/routes/mensagens-profissionais.tsx(9,158): error TS4111: Property 'profissional' comes from an index signature, so it must be accessed with ['profissional'].
src/routes/mensagens-profissionais.tsx(9,199): error TS4111: Property 'conversa' comes from an index signature, so it must be accessed with ['conversa'].
src/routes/mensagens-profissionais.tsx(9,221): error TS4111: Property 'conversa' comes from an index signature, so it must be accessed with ['conversa'].
src/routes/mensagens-profissionais.tsx(18,93): error TS2375: Type '{ conversationId: any; profileSlug: string | undefined; body: string; }' is not assignable to type '{ profileSlug?: string; conversationId?: string; body: string; }' with 'exactOptionalPropertyTypes: true'. Consider adding 'undefined' to the types of the target's properties.
  Types of property 'profileSlug' are incompatible.
    Type 'string | undefined' is not assignable to type 'string'.
      Type 'undefined' is not assignable to type 'string'.
src/routes/mensagens-profissionais.tsx(20,963): error TS4111: Property 'id' comes from an index signature, so it must be accessed with ['id'].
src/routes/mensagens-profissionais.tsx(20,1008): error TS4111: Property 'id' comes from an index signature, so it must be accessed with ['id'].
src/routes/mensagens-profissionais.tsx(20,1089): error TS4111: Property 'id' comes from an index signature, so it must be accessed with ['id'].
src/routes/mensagens-profissionais.tsx(20,1291): error TS4111: Property 'professional_profiles' comes from an index signature, so it must be accessed with ['professional_profiles'].
src/routes/mensagens-profissionais.tsx(20,1336): error TS4111: Property 'professional_profiles' comes from an index signature, so it must be accessed with ['professional_profiles'].
src/routes/mensagens-profissionais.tsx(20,1523): error TS4111: Property 'professional_profiles' comes from an index signature, so it must be accessed with ['professional_profiles'].
src/routes/mensagens-profissionais.tsx(20,1634): error TS4111: Property 'last_message_at' comes from an index signature, so it must be accessed with ['last_message_at'].
src/routes/mensagens-profissionais.tsx(20,1661): error TS4111: Property 'last_message_at' comes from an index signature, so it must be accessed with ['last_message_at'].
src/routes/mensagens-profissionais.tsx(20,2233): error TS4111: Property 'sender_auth_user_id' comes from an index signature, so it must be accessed with ['sender_auth_user_id'].
src/routes/mensagens-profissionais.tsx(20,2281): error TS4111: Property 'id' comes from an index signature, so it must be accessed with ['id'].
src/routes/mensagens-profissionais.tsx(20,2509): error TS4111: Property 'body' comes from an index signature, so it must be accessed with ['body'].
src/routes/mensagens-profissionais.tsx(20,2573): error TS4111: Property 'created_at' comes from an index signature, so it must be accessed with ['created_at'].
src/routes/profissionais.$category.tsx(11,426): error TS4111: Property 'slug' comes from an index signature, so it must be accessed with ['slug'].
src/routes/profissionais.$category.tsx(11,495): error TS4111: Property 'category_id' comes from an index signature, so it must be accessed with ['category_id'].
src/routes/profissionais.$category.tsx(11,1388): error TS4111: Property 'id' comes from an index signature, so it must be accessed with ['id'].
src/routes/profissionais.$category.tsx(11,1543): error TS4111: Property 'photo_url' comes from an index signature, so it must be accessed with ['photo_url'].
src/routes/profissionais.$category.tsx(11,1565): error TS4111: Property 'photo_url' comes from an index signature, so it must be accessed with ['photo_url'].
src/routes/profissionais.$category.tsx(11,1732): error TS4111: Property 'display_name' comes from an index signature, so it must be accessed with ['display_name'].
src/routes/profissionais.$category.tsx(11,1799): error TS4111: Property 'professional_title' comes from an index signature, so it must be accessed with ['professional_title'].
src/routes/profissionais.$category.tsx(11,1919): error TS4111: Property 'city' comes from an index signature, so it must be accessed with ['city'].
src/routes/profissionais.$category.tsx(11,1929): error TS4111: Property 'city' comes from an index signature, so it must be accessed with ['city'].
src/routes/profissionais.$category.tsx(11,1945): error TS4111: Property 'country_code' comes from an index signature, so it must be accessed with ['country_code'].
src/routes/profissionais.$category.tsx(11,2051): error TS4111: Property 'languages' comes from an index signature, so it must be accessed with ['languages'].
src/routes/profissionais.$category.tsx(11,2118): error TS4111: Property 'online_enabled' comes from an index signature, so it must be accessed with ['online_enabled'].
src/routes/profissionais.$category.tsx(11,2308): error TS4111: Property 'about' comes from an index signature, so it must be accessed with ['about'].
src/routes/profissionais.$category.tsx(11,2365): error TS4111: Property 'slug' comes from an index signature, so it must be accessed with ['slug'].
src/routes/profissionais.tsx(225,65): error TS4111: Property 'id' comes from an index signature, so it must be accessed with ['id'].
src/routes/profissionais.tsx(226,55): error TS4111: Property 'country_code' comes from an index signature, so it must be accessed with ['country_code'].
src/routes/profissionais.tsx(230,38): error TS4111: Property 'country_code' comes from an index signature, so it must be accessed with ['country_code'].
src/routes/profissionais.tsx(231,23): error TS4111: Property 'city' comes from an index signature, so it must be accessed with ['city'].
src/routes/profissionais.tsx(235,59): error TS4111: Property 'languages' comes from an index signature, so it must be accessed with ['languages'].
src/routes/profissionais.tsx(239,12): error TS4111: Property 'display_name' comes from an index signature, so it must be accessed with ['display_name'].
src/routes/profissionais.tsx(239,30): error TS4111: Property 'professional_title' comes from an index signature, so it must be accessed with ['professional_title'].
src/routes/profissionais.tsx(239,55): error TS4111: Property 'specialties' comes from an index signature, so it must be accessed with ['specialties'].
src/routes/profissionais.tsx(239,89): error TS4111: Property 'city' comes from an index signature, so it must be accessed with ['city'].
src/routes/profissionais.tsx(242,18): error TS4111: Property 'category_id' comes from an index signature, so it must be accessed with ['category_id'].
src/routes/profissionais.tsx(243,22): error TS4111: Property 'country_code' comes from an index signature, so it must be accessed with ['country_code'].
src/routes/profissionais.tsx(244,19): error TS4111: Property 'city' comes from an index signature, so it must be accessed with ['city'].
src/routes/profissionais.tsx(245,20): error TS4111: Property 'languages' comes from an index signature, so it must be accessed with ['languages'].
src/routes/profissionais.tsx(246,40): error TS4111: Property 'online_enabled' comes from an index signature, so it must be accessed with ['online_enabled'].
src/routes/profissionais.tsx(246,59): error TS4111: Property 'in_person_enabled' comes from an index signature, so it must be accessed with ['in_person_enabled'].
src/routes/profissionais.tsx(316,38): error TS4111: Property 'category_id' comes from an index signature, so it must be accessed with ['category_id'].
src/routes/profissionais.tsx(317,38): error TS4111: Property 'category_id' comes from an index signature, so it must be accessed with ['category_id'].
src/routes/profissionais.tsx(317,52): error TS4111: Property 'name_pt' comes from an index signature, so it must be accessed with ['name_pt'].
src/routes/profissionais.tsx(318,27): error TS4111: Property 'professional_title' comes from an index signature, so it must be accessed with ['professional_title'].
src/routes/profissionais.tsx(403,34): error TS4111: Property 'id' comes from an index signature, so it must be accessed with ['id'].
src/routes/profissionais.tsx(403,47): error TS4111: Property 'id' comes from an index signature, so it must be accessed with ['id'].
src/routes/profissionais.tsx(404,47): error TS4111: Property 'name_pt' comes from an index signature, so it must be accessed with ['name_pt'].
src/routes/profissionais.tsx(515,28): error TS4111: Property 'id' comes from an index signature, so it must be accessed with ['id'].
src/routes/profissionais.tsx(516,45): error TS4111: Property 'id' comes from an index signature, so it must be accessed with ['id'].
src/routes/profissionais.tsx(519,46): error TS4111: Property 'id' comes from an index signature, so it must be accessed with ['id'].
src/routes/profissionais.tsx(520,45): error TS4111: Property 'id' comes from an index signature, so it must be accessed with ['id'].
src/routes/profissionais.tsx(521,40): error TS4111: Property 'id' comes from an index signature, so it must be accessed with ['id'].
src/routes/profissionais.tsx(524,47): error TS4111: Property 'name_pt' comes from an index signature, so it must be accessed with ['name_pt'].
src/routes/profissionais.tsx(542,45): error TS4111: Property 'category_id' comes from an index signature, so it must be accessed with ['category_id'].
src/routes/profissionais.tsx(544,19): error TS4111: Property 'profile_verified' comes from an index signature, so it must be accessed with ['profile_verified'].
src/routes/profissionais.tsx(544,41): error TS4111: Property 'identity_verified' comes from an index signature, so it must be accessed with ['identity_verified'].
src/routes/profissionais.tsx(544,64): error TS4111: Property 'documents_verified' comes from an index signature, so it must be accessed with ['documents_verified'].
src/routes/profissionais.tsx(548,26): error TS4111: Property 'id' comes from an index signature, so it must be accessed with ['id'].
src/routes/profissionais.tsx(558,26): error TS4111: Property 'photo_url' comes from an index signature, so it must be accessed with ['photo_url'].
src/routes/profissionais.tsx(560,34): error TS4111: Property 'photo_url' comes from an index signature, so it must be accessed with ['photo_url'].
src/routes/profissionais.tsx(561,34): error TS4111: Property 'display_name' comes from an index signature, so it must be accessed with ['display_name'].
src/routes/profissionais.tsx(573,32): error TS4111: Property 'display_name' comes from an index signature, so it must be accessed with ['display_name'].
src/routes/profissionais.tsx(576,32): error TS4111: Property 'professional_title' comes from an index signature, so it must be accessed with ['professional_title'].
src/routes/profissionais.tsx(597,66): error TS4111: Property 'name_pt' comes from an index signature, so it must be accessed with ['name_pt'].
src/routes/profissionais.tsx(597,79): error TS4111: Property 'professional_title' comes from an index signature, so it must be accessed with ['professional_title'].
src/routes/profissionais.tsx(602,28): error TS4111: Property 'city' comes from an index signature, so it must be accessed with ['city'].
src/routes/profissionais.tsx(602,40): error TS4111: Property 'city' comes from an index signature, so it must be accessed with ['city'].
src/routes/profissionais.tsx(603,28): error TS4111: Property 'country_code' comes from an index signature, so it must be accessed with ['country_code'].
src/routes/profissionais.tsx(605,27): error TS4111: Property 'languages' comes from an index signature, so it must be accessed with ['languages'].
src/routes/profissionais.tsx(608,31): error TS4111: Property 'languages' comes from an index signature, so it must be accessed with ['languages'].
src/routes/profissionais.tsx(614,24): error TS4111: Property 'online_enabled' comes from an index signature, so it must be accessed with ['online_enabled'].
src/routes/profissionais.tsx(626,24): error TS4111: Property 'in_person_enabled' comes from an index signature, so it must be accessed with ['in_person_enabled'].
src/routes/profissionais.tsx(636,22): error TS4111: Property 'about' comes from an index signature, so it must be accessed with ['about'].
src/routes/profissionais.tsx(638,26): error TS4111: Property 'about' comes from an index signature, so it must be accessed with ['about'].
src/routes/profissionais.tsx(643,39): error TS4111: Property 'slug' comes from an index signature, so it must be accessed with ['slug'].
src/routes/profissional-catalogo-ldr.tsx(11,459): error TS4111: Property 'eligibility' comes from an index signature, so it must be accessed with ['eligibility'].
src/routes/profissional-catalogo-ldr.tsx(11,518): error TS4111: Property 'catalog_key' comes from an index signature, so it must be accessed with ['catalog_key'].
src/routes/profissional-catalogo-ldr.tsx(11,551): error TS4111: Property 'selected' comes from an index signature, so it must be accessed with ['selected'].
src/routes/profissional-catalogo-ldr.tsx(11,595): error TS4111: Property 'selected' comes from an index signature, so it must be accessed with ['selected'].
src/routes/profissional-catalogo-ldr.tsx(11,668): error TS4111: Property 'selected' comes from an index signature, so it must be accessed with ['selected'].
src/routes/profissional-catalogo-ldr.tsx(11,2091): error TS4111: Property 'eligibility' comes from an index signature, so it must be accessed with ['eligibility'].
src/routes/profissional-catalogo-ldr.tsx(11,2158): error TS4111: Property 'catalog_key' comes from an index signature, so it must be accessed with ['catalog_key'].
src/routes/profissional-catalogo-ldr.tsx(11,2218): error TS4111: Property 'selected' comes from an index signature, so it must be accessed with ['selected'].
src/routes/profissional-catalogo-ldr.tsx(11,2343): error TS4111: Property 'name' comes from an index signature, so it must be accessed with ['name'].
src/routes/profissional-catalogo-ldr.tsx(11,2406): error TS4111: Property 'category' comes from an index signature, so it must be accessed with ['category'].
src/routes/profissional-catalogo-ldr.tsx(11,2421): error TS4111: Property 'package_sessions' comes from an index signature, so it must be accessed with ['package_sessions'].
src/routes/profissional-catalogo-ldr.tsx(11,2445): error TS4111: Property 'package_sessions' comes from an index signature, so it must be accessed with ['package_sessions'].
src/routes/profissional-catalogo-ldr.tsx(11,2513): error TS4111: Property 'amount_cents' comes from an index signature, so it must be accessed with ['amount_cents'].
src/routes/profissional-catalogo-ldr.tsx(11,2528): error TS4111: Property 'currency' comes from an index signature, so it must be accessed with ['currency'].
src/routes/profissional-catalogo-ldr.tsx(11,2557): error TS4111: Property 'market_available' comes from an index signature, so it must be accessed with ['market_available'].
src/routes/profissional-catalogo-ldr.tsx(11,2887): error TS4111: Property 'catalog_key' comes from an index signature, so it must be accessed with ['catalog_key'].
src/routes/profissional-catalogo-ldr.tsx(11,3132): error TS4111: Property 'catalog_key' comes from an index signature, so it must be accessed with ['catalog_key'].
src/routes/profissional-catalogo-ldr.tsx(11,3586): error TS4111: Property 'catalog_key' comes from an index signature, so it must be accessed with ['catalog_key'].
src/routes/profissional-catalogo-ldr.tsx(11,3778): error TS4111: Property 'catalog_key' comes from an index signature, so it must be accessed with ['catalog_key'].
src/routes/profissional-catalogo-ldr.tsx(11,3820): error TS4111: Property 'catalog_key' comes from an index signature, so it must be accessed with ['catalog_key'].
src/routes/profissional-catalogo-ldr.tsx(11,3875): error TS4111: Property 'catalog_key' comes from an index signature, so it must be accessed with ['catalog_key'].
src/routes/profissional-catalogo-ldr.tsx(11,4357): error TS4111: Property 'selected' comes from an index signature, so it must be accessed with ['selected'].
src/routes/profissional-catalogo-ldr.tsx(11,4424): error TS4111: Property 'eligibility' comes from an index signature, so it must be accessed with ['eligibility'].
src/routes/profissional-catalogo-ldr.tsx(11,4462): error TS4111: Property 'is_clinical' comes from an index signature, so it must be accessed with ['is_clinical'].
src/routes/profissional-documentos.tsx(12,2831): error TS4111: Property 'id' comes from an index signature, so it must be accessed with ['id'].
src/routes/profissional-documentos.tsx(12,2844): error TS4111: Property 'id' comes from an index signature, so it must be accessed with ['id'].
src/routes/profissional-documentos.tsx(12,2851): error TS4111: Property 'period_start' comes from an index signature, so it must be accessed with ['period_start'].
src/routes/profissional-documentos.tsx(12,2870): error TS4111: Property 'period_end' comes from an index signature, so it must be accessed with ['period_end'].
src/routes/profissional-documentos.tsx(12,2887): error TS4111: Property 'currency' comes from an index signature, so it must be accessed with ['currency'].
src/routes/profissional-documentos.tsx(12,2902): error TS4111: Property 'status' comes from an index signature, so it must be accessed with ['status'].
src/routes/profissional-documentos.tsx(12,4362): error TS4111: Property 'id' comes from an index signature, so it must be accessed with ['id'].
src/routes/profissional-documentos.tsx(12,4473): error TS4111: Property 'original_filename' comes from an index signature, so it must be accessed with ['original_filename'].
src/routes/profissional-documentos.tsx(12,4494): error TS4111: Property 'document_type' comes from an index signature, so it must be accessed with ['document_type'].
src/routes/profissional-documentos.tsx(12,4588): error TS4111: Property 'status' comes from an index signature, so it must be accessed with ['status'].
src/routes/profissional-documentos.tsx(12,4670): error TS4111: Property 'uploaded_at' comes from an index signature, so it must be accessed with ['uploaded_at'].
src/routes/profissional-documentos.tsx(12,4714): error TS4111: Property 'period_start' comes from an index signature, so it must be accessed with ['period_start'].
src/routes/profissional-documentos.tsx(12,4738): error TS4111: Property 'period_end' comes from an index signature, so it must be accessed with ['period_end'].
src/routes/profissional-documentos.tsx(12,4761): error TS4111: Property 'rejection_reason' comes from an index signature, so it must be accessed with ['rejection_reason'].
src/routes/profissional-documentos.tsx(12,4826): error TS4111: Property 'rejection_reason' comes from an index signature, so it must be accessed with ['rejection_reason'].
src/routes/profissional-onboarding.tsx(14,2979): error TS2339: Property 'url' does not exist on type 'void'.
src/routes/profissional-onboarding.tsx(14,3463): error TS4111: Property 'market' comes from an index signature, so it must be accessed with ['market'].
src/routes/profissional-onboarding.tsx(14,3509): error TS4111: Property 'plan_code' comes from an index signature, so it must be accessed with ['plan_code'].
src/routes/profissional-onboarding.tsx(15,647): error TS4111: Property 'id' comes from an index signature, so it must be accessed with ['id'].
src/routes/profissional-onboarding.tsx(15,660): error TS4111: Property 'id' comes from an index signature, so it must be accessed with ['id'].
src/routes/profissional-onboarding.tsx(15,667): error TS4111: Property 'name_pt' comes from an index signature, so it must be accessed with ['name_pt'].
src/routes/profissional-onboarding.tsx(19,253): error TS4111: Property 'id' comes from an index signature, so it must be accessed with ['id'].
src/routes/profissional-onboarding.tsx(19,296): error TS4111: Property 'plan_code' comes from an index signature, so it must be accessed with ['plan_code'].
src/routes/profissional-onboarding.tsx(19,429): error TS4111: Property 'name' comes from an index signature, so it must be accessed with ['name'].
src/routes/profissional-onboarding.tsx(19,442): error TS4111: Property 'plan_code' comes from an index signature, so it must be accessed with ['plan_code'].
src/routes/profissional-onboarding.tsx(19,646): error TS4111: Property 'amount_cents' comes from an index signature, so it must be accessed with ['amount_cents'].
src/routes/profissional-onboarding.tsx(19,661): error TS4111: Property 'currency' comes from an index signature, so it must be accessed with ['currency'].
src/routes/profissional-onboarding.tsx(19,722): error TS4111: Property 'benefits' comes from an index signature, so it must be accessed with ['benefits'].
src/routes/profissional-onboarding.tsx(19,903): error TS4111: Property 'id' comes from an index signature, so it must be accessed with ['id'].
src/routes/profissional-painel.tsx(20,64): error TS4111: Property 'config_key' comes from an index signature, so it must be accessed with ['config_key'].
src/routes/profissional-painel.tsx(20,264): error TS4111: Property 'status' comes from an index signature, so it must be accessed with ['status'].
src/routes/profissional-painel.tsx(20,283): error TS4111: Property 'status' comes from an index signature, so it must be accessed with ['status'].
src/routes/profissional-painel.tsx(20,431): error TS4111: Property 'paid_at' comes from an index signature, so it must be accessed with ['paid_at'].
src/routes/profissional-painel.tsx(20,442): error TS4111: Property 'created_at' comes from an index signature, so it must be accessed with ['created_at'].
src/routes/profissional-painel.tsx(20,556): error TS4111: Property 'gross_amount_cents' comes from an index signature, so it must be accessed with ['gross_amount_cents'].
src/routes/profissional-painel.tsx(20,629): error TS4111: Property 'platform_fee_cents' comes from an index signature, so it must be accessed with ['platform_fee_cents'].
src/routes/profissional-painel.tsx(20,705): error TS4111: Property 'payment_fee_cents' comes from an index signature, so it must be accessed with ['payment_fee_cents'].
src/routes/profissional-painel.tsx(20,780): error TS4111: Property 'refund_amount_cents' comes from an index signature, so it must be accessed with ['refund_amount_cents'].
src/routes/profissional-painel.tsx(20,861): error TS4111: Property 'adjustment_cents' comes from an index signature, so it must be accessed with ['adjustment_cents'].
src/routes/profissional-painel.tsx(20,931): error TS4111: Property 'provider_net_cents' comes from an index signature, so it must be accessed with ['provider_net_cents'].
src/routes/profissional-painel.tsx(20,1020): error TS4111: Property 'starts_at' comes from an index signature, so it must be accessed with ['starts_at'].
src/routes/profissional-painel.tsx(20,1045): error TS4111: Property 'status' comes from an index signature, so it must be accessed with ['status'].
src/routes/profissional-painel.tsx(20,1105): error TS4111: Property 'starts_at' comes from an index signature, so it must be accessed with ['starts_at'].
src/routes/profissional-painel.tsx(20,1128): error TS4111: Property 'starts_at' comes from an index signature, so it must be accessed with ['starts_at'].
src/routes/profissional-painel.tsx(20,1237): error TS4111: Property 'currency' comes from an index signature, so it must be accessed with ['currency'].
src/routes/profissional-painel.tsx(22,179): error TS2339: Property 'url' does not exist on type 'void'.
src/routes/profissional-painel.tsx(28,1015): error TS4111: Property 'id' comes from an index signature, so it must be accessed with ['id'].
src/routes/profissional-painel.tsx(28,1028): error TS4111: Property 'id' comes from an index signature, so it must be accessed with ['id'].
src/routes/profissional-painel.tsx(28,1035): error TS4111: Property 'name_pt' comes from an index signature, so it must be accessed with ['name_pt'].
src/routes/profissional-painel.tsx(29,583): error TS4111: Property 'id' comes from an index signature, so it must be accessed with ['id'].
src/routes/profissional-painel.tsx(29,626): error TS4111: Property 'plan_code' comes from an index signature, so it must be accessed with ['plan_code'].
src/routes/profissional-painel.tsx(29,727): error TS4111: Property 'market' comes from an index signature, so it must be accessed with ['market'].
src/routes/profissional-painel.tsx(29,806): error TS4111: Property 'name' comes from an index signature, so it must be accessed with ['name'].
src/routes/profissional-painel.tsx(29,865): error TS4111: Property 'amount_cents' comes from an index signature, so it must be accessed with ['amount_cents'].
src/routes/profissional-painel.tsx(29,880): error TS4111: Property 'currency' comes from an index signature, so it must be accessed with ['currency'].
src/routes/profissional-painel.tsx(29,955): error TS4111: Property 'id' comes from an index signature, so it must be accessed with ['id'].
src/routes/profissional-painel.tsx(30,511): error TS4111: Property 'id' comes from an index signature, so it must be accessed with ['id'].
src/routes/profissional-painel.tsx(30,524): error TS4111: Property 'id' comes from an index signature, so it must be accessed with ['id'].
src/routes/profissional-painel.tsx(30,531): error TS4111: Property 'name' comes from an index signature, so it must be accessed with ['name'].
src/routes/profissional-painel.tsx(30,2009): error TS4111: Property 'id' comes from an index signature, so it must be accessed with ['id'].
src/routes/profissional-painel.tsx(30,2110): error TS4111: Property 'weekday' comes from an index signature, so it must be accessed with ['weekday'].
src/routes/profissional-painel.tsx(30,2141): error TS4111: Property 'start_time' comes from an index signature, so it must be accessed with ['start_time'].
src/routes/profissional-painel.tsx(30,2175): error TS4111: Property 'end_time' comes from an index signature, so it must be accessed with ['end_time'].
src/routes/profissional-painel.tsx(30,2244): error TS4111: Property 'timezone' comes from an index signature, so it must be accessed with ['timezone'].
src/routes/profissional-painel.tsx(30,2259): error TS4111: Property 'modality' comes from an index signature, so it must be accessed with ['modality'].
src/routes/profissional-painel.tsx(31,245): error TS4111: Property 'id' comes from an index signature, so it must be accessed with ['id'].
src/routes/profissional-painel.tsx(31,356): error TS4111: Property 'professional_services' comes from an index signature, so it must be accessed with ['professional_services'].
src/routes/profissional-painel.tsx(31,417): error TS4111: Property 'status' comes from an index signature, so it must be accessed with ['status'].
src/routes/profissional-painel.tsx(31,482): error TS4111: Property 'customer_name' comes from an index signature, so it must be accessed with ['customer_name'].
src/routes/profissional-painel.tsx(31,511): error TS4111: Property 'starts_at' comes from an index signature, so it must be accessed with ['starts_at'].
src/routes/profissional-painel.tsx(33,394): error TS4111: Property 'id' comes from an index signature, so it must be accessed with ['id'].
src/routes/profissional-painel.tsx(33,505): error TS4111: Property 'period_start' comes from an index signature, so it must be accessed with ['period_start'].
src/routes/profissional-painel.tsx(33,524): error TS4111: Property 'period_end' comes from an index signature, so it must be accessed with ['period_end'].
src/routes/profissional-painel.tsx(33,553): error TS4111: Property 'status' comes from an index signature, so it must be accessed with ['status'].
src/routes/profissional-painel.tsx(33,626): error TS4111: Property 'net_cents' comes from an index signature, so it must be accessed with ['net_cents'].
src/routes/profissional-painel.tsx(33,639): error TS4111: Property 'currency' comes from an index signature, so it must be accessed with ['currency'].
src/routes/profissional-painel.tsx(34,384): error TS4111: Property 'id' comes from an index signature, so it must be accessed with ['id'].
src/routes/profissional-painel.tsx(34,441): error TS4111: Property 'document_type' comes from an index signature, so it must be accessed with ['document_type'].
src/routes/profissional-painel.tsx(34,512): error TS4111: Property 'status' comes from an index signature, so it must be accessed with ['status'].
src/routes/profissional-painel.tsx(35,233): error TS4111: Property 'id' comes from an index signature, so it must be accessed with ['id'].
src/routes/profissional-painel.tsx(35,322): error TS4111: Property 'event_type' comes from an index signature, so it must be accessed with ['event_type'].
src/routes/profissional-painel.tsx(35,408): error TS4111: Property 'title' comes from an index signature, so it must be accessed with ['title'].
src/routes/profissional-painel.tsx(35,481): error TS4111: Property 'starts_at' comes from an index signature, so it must be accessed with ['starts_at'].
src/routes/profissional-painel.tsx(35,515): error TS4111: Property 'instructor' comes from an index signature, so it must be accessed with ['instructor'].
src/routes/profissional-painel.tsx(35,540): error TS4111: Property 'meeting_url' comes from an index signature, so it must be accessed with ['meeting_url'].
src/routes/profissional-painel.tsx(35,563): error TS4111: Property 'meeting_url' comes from an index signature, so it must be accessed with ['meeting_url'].
src/routes/profissional-painel.tsx(36,239): error TS4111: Property 'id' comes from an index signature, so it must be accessed with ['id'].
src/routes/profissional-painel.tsx(36,337): error TS4111: Property 'post_type' comes from an index signature, so it must be accessed with ['post_type'].
src/routes/profissional-painel.tsx(36,385): error TS4111: Property 'title' comes from an index signature, so it must be accessed with ['title'].
src/routes/profissional-painel.tsx(36,449): error TS4111: Property 'body' comes from an index signature, so it must be accessed with ['body'].
src/routes/profissional-perfil.tsx(18,863): error TS2322: Type '`/profissional/${any}`' is not assignable to type '"/treinamento" | "/formacao-psicanalise" | "/cliente/biblioteca/cursos-gratuitos" | "/cliente/biblioteca" | "/" | "/acesso" | "/acesso-compra" | "/acoragemdecomecar" | "/amostra-gratis" | ... 183 more ... | ".."'.
src/routes/profissional-servicos.tsx(13,5018): error TS4111: Property 'id' comes from an index signature, so it must be accessed with ['id'].
src/routes/profissional-servicos.tsx(13,5147): error TS4111: Property 'name' comes from an index signature, so it must be accessed with ['name'].
src/routes/profissional-servicos.tsx(13,5210): error TS4111: Property 'modality' comes from an index signature, so it must be accessed with ['modality'].
src/routes/profissional-servicos.tsx(13,5225): error TS4111: Property 'duration_minutes' comes from an index signature, so it must be accessed with ['duration_minutes'].
src/routes/profissional-servicos.tsx(13,5267): error TS4111: Property 'price_cents' comes from an index signature, so it must be accessed with ['price_cents'].
src/routes/profissional-servicos.tsx(13,5314): error TS4111: Property 'price_cents' comes from an index signature, so it must be accessed with ['price_cents'].
src/routes/profissional-servicos.tsx(13,5328): error TS4111: Property 'currency' comes from an index signature, so it must be accessed with ['currency'].
src/routes/profissional-servicos.tsx(13,5413): error TS4111: Property 'description' comes from an index signature, so it must be accessed with ['description'].
src/routes/profissional-servicos.tsx(13,5535): error TS4111: Property 'active' comes from an index signature, so it must be accessed with ['active'].
src/routes/profissional-servicos.tsx(13,5593): error TS4111: Property 'active' comes from an index signature, so it must be accessed with ['active'].
src/routes/profissional-servicos.tsx(13,5688): error TS4111: Property 'booking_enabled' comes from an index signature, so it must be accessed with ['booking_enabled'].
src/routes/profissional-servicos.tsx(13,5835): error TS4111: Property 'id' comes from an index signature, so it must be accessed with ['id'].
src/routes/profissional-servicos.tsx(13,5848): error TS4111: Property 'active' comes from an index signature, so it must be accessed with ['active'].
src/routes/profissional-servicos.tsx(13,6025): error TS4111: Property 'active' comes from an index signature, so it must be accessed with ['active'].
src/routes/profissional.$slug.tsx(220,33): error TS4111: Property 'body' comes from an index signature, so it must be accessed with ['body'].
src/routes/profissional.$slug.tsx(221,27): error TS4111: Property 'reviewer_name' comes from an index signature, so it must be accessed with ['reviewer_name'].
src/routes/profissional.$slug.tsx(221,60): error TS4111: Property 'review_date' comes from an index signature, so it must be accessed with ['review_date'].
src/routes/profissional.$slug.tsx(222,72): error TS4111: Property 'body' comes from an index signature, so it must be accessed with ['body'].
src/routes/profissional.$slug.tsx(262,42): error TS4111: Property 'id' comes from an index signature, so it must be accessed with ['id'].
src/routes/profissional.$slug.tsx(264,28): error TS4111: Property 'professional_service_id' comes from an index signature, so it must be accessed with ['professional_service_id'].
src/routes/profissional.$slug.tsx(264,57): error TS4111: Property 'professional_service_id' comes from an index signature, so it must be accessed with ['professional_service_id'].
src/routes/profissional.$slug.tsx(272,29): error TS4111: Property 'weekday' comes from an index signature, so it must be accessed with ['weekday'].
src/routes/profissional.$slug.tsx(272,44): error TS4111: Property 'weekday' comes from an index signature, so it must be accessed with ['weekday'].
src/routes/profissional.$slug.tsx(272,64): error TS4111: Property 'start_time' comes from an index signature, so it must be accessed with ['start_time'].
src/routes/profissional.$slug.tsx(272,100): error TS4111: Property 'end_time' comes from an index signature, so it must be accessed with ['end_time'].
src/routes/profissional.$slug.tsx(278,34): error TS4111: Property 'modality' comes from an index signature, so it must be accessed with ['modality'].
src/routes/profissional.$slug.tsx(281,45): error TS4111: Property 'rating' comes from an index signature, so it must be accessed with ['rating'].
src/routes/profissional.$slug.tsx(293,30): error TS4111: Property 'id' comes from an index signature, so it must be accessed with ['id'].
src/routes/profissional.$slug.tsx(321,53): error TS4111: Property 'booking_enabled' comes from an index signature, so it must be accessed with ['booking_enabled'].
src/routes/profissional.$slug.tsx(322,47): error TS4111: Property 'id' comes from an index signature, so it must be accessed with ['id'].
src/routes/profissional.$slug.tsx(420,21): error TS2322: Type '{ profissional: string; }' is not assignable to type '{ profissional: string | undefined; conversa: string | undefined; } | ParamsReducerFn<RouterCore<Route<Register, any, "/", "/", string, "__root__", undefined, {}, { queryClient: QueryClient; }, ... 8 more ..., undefined>, "never", false, RouterHistory, Record<...>>, "SEARCH", string, "/mensagens-profissionais">'.
  Property 'conversa' is missing in type '{ profissional: string; }' but required in type '{ profissional: string | undefined; conversa: string | undefined; }'.
src/routes/profissional.$slug.tsx(553,28): error TS4111: Property 'id' comes from an index signature, so it must be accessed with ['id'].
src/routes/profissional.$slug.tsx(554,50): error TS4111: Property 'id' comes from an index signature, so it must be accessed with ['id'].
src/routes/profissional.$slug.tsx(555,90): error TS4111: Property 'id' comes from an index signature, so it must be accessed with ['id'].
src/routes/profissional.$slug.tsx(559,53): error TS4111: Property 'name' comes from an index signature, so it must be accessed with ['name'].
src/routes/profissional.$slug.tsx(560,78): error TS4111: Property 'description' comes from an index signature, so it must be accessed with ['description'].
src/routes/profissional.$slug.tsx(563,30): error TS4111: Property 'duration_minutes' comes from an index signature, so it must be accessed with ['duration_minutes'].
src/routes/profissional.$slug.tsx(564,30): error TS4111: Property 'modality' comes from an index signature, so it must be accessed with ['modality'].
src/routes/profissional.$slug.tsx(566,33): error TS4111: Property 'modality' comes from an index signature, so it must be accessed with ['modality'].
src/routes/profissional.$slug.tsx(571,40): error TS4111: Property 'price_cents' comes from an index signature, so it must be accessed with ['price_cents'].
src/routes/profissional.$slug.tsx(571,55): error TS4111: Property 'currency' comes from an index signature, so it must be accessed with ['currency'].
src/routes/profissional.$slug.tsx(628,35): error TS4111: Property 'id' comes from an index signature, so it must be accessed with ['id'].
src/routes/profissional.$slug.tsx(630,73): error TS4111: Property 'rating' comes from an index signature, so it must be accessed with ['rating'].
src/routes/profissional.$slug.tsx(631,26): error TS4111: Property 'verified_booking' comes from an index signature, so it must be accessed with ['verified_booking'].
src/routes/profissional.$slug.tsx(636,26): error TS4111: Property 'external' comes from an index signature, so it must be accessed with ['external'].
src/routes/profissional.$slug.tsx(642,24): error TS4111: Property 'reviewer_name' comes from an index signature, so it must be accessed with ['reviewer_name'].
src/routes/profissional.$slug.tsx(642,43): error TS4111: Property 'review_date' comes from an index signature, so it must be accessed with ['review_date'].
src/routes/profissional.$slug.tsx(644,28): error TS4111: Property 'reviewer_name' comes from an index signature, so it must be accessed with ['reviewer_name'].
src/routes/profissional.$slug.tsx(645,28): error TS4111: Property 'review_date' comes from an index signature, so it must be accessed with ['review_date'].
src/routes/profissional.$slug.tsx(646,141): error TS4111: Property 'review_date' comes from an index signature, so it must be accessed with ['review_date'].
src/routes/profissional.$slug.tsx(651,24): error TS4111: Property 'professional_reply' comes from an index signature, so it must be accessed with ['professional_reply'].
src/routes/profissional.$slug.tsx(654,70): error TS4111: Property 'professional_reply' comes from an index signature, so it must be accessed with ['professional_reply'].
src/routes/profissional.$slug.tsx(672,53): error TS4111: Property 'name' comes from an index signature, so it must be accessed with ['name'].
src/routes/profissional.$slug.tsx(674,36): error TS4111: Property 'price_cents' comes from an index signature, so it must be accessed with ['price_cents'].
src/routes/profissional.$slug.tsx(674,57): error TS4111: Property 'currency' comes from an index signature, so it must be accessed with ['currency'].
src/routes/profissional.$slug.tsx(675,30): error TS4111: Property 'duration_minutes' comes from an index signature, so it must be accessed with ['duration_minutes'].
src/routes/profissional.$slug.tsx(694,26): error TS4111: Property 'booking_enabled' comes from an index signature, so it must be accessed with ['booking_enabled'].
src/routes/profissional.$slug.tsx(715,30): error TS4111: Property 'modality' comes from an index signature, so it must be accessed with ['modality'].
src/routes/profissional.$slug.tsx(740,15): error TS2322: Type '{ profissional: string; }' is not assignable to type '{ profissional: string | undefined; conversa: string | undefined; } | ParamsReducerFn<RouterCore<Route<Register, any, "/", "/", string, "__root__", undefined, {}, { queryClient: QueryClient; }, ... 8 more ..., undefined>, "never", false, RouterHistory, Record<...>>, "SEARCH", string, "/mensagens-profissionais">'.
  Property 'conversa' is missing in type '{ profissional: string; }' but required in type '{ profissional: string | undefined; conversa: string | undefined; }'.
src/routes/rede-academica.tsx(16,699): error TS2741: Property 'search' is missing in type '{ children: string; to: "/cliente/rede-academica"; className: string; }' but required in type 'MakeRequiredSearchParams<RouterCore<Route<Register, any, "/", "/", string, "__root__", undefined, {}, { queryClient: QueryClient; }, AnyContext, AnyContext, ... 6 more ..., undefined>, "never", false, RouterHistory, Record<...>>, string, "/cliente/rede-academica">'.
src/routes/rede-academica.tsx(18,604): error TS2741: Property 'search' is missing in type '{ children: string; to: "/cliente/rede-academica"; className: string; }' but required in type 'MakeRequiredSearchParams<RouterCore<Route<Register, any, "/", "/", string, "__root__", undefined, {}, { queryClient: QueryClient; }, AnyContext, AnyContext, ... 6 more ..., undefined>, "never", false, RouterHistory, Record<...>>, string, "/cliente/rede-academica">'.
npm error Lifecycle script `typecheck` failed with error:
npm error code 2
npm error path /home/runner/work/grupo-ldr-essence-producao/grupo-ldr-essence-producao/apps/painel-ldr
npm error workspace tanstack_start_ts
npm error location /home/runner/work/grupo-ldr-essence-producao/grupo-ldr-essence-producao/apps/painel-ldr
npm error command failed
npm error command sh -c tsc --noEmit
